# R003 动作八 五态清单(提交一补正版;--verify-bound / --verify-current)
# worktree=. HEAD=0f46003be8918e3f2eac3ebd57e5b3d4e7575f9f files=1010
# category: ACTIVE_REFERENCE=263, ARCHIVE=88, CURRENT_AUTHORITY=1, FROZEN_EVIDENCE=69, THIRD_PARTY=589
# audit: THIRD_PARTY_UNVERIFIED=589, UNVERIFIED=421
path	lines	category	audit_status	review_commit	note
.gitattributes	8	ACTIVE_REFERENCE	UNVERIFIED	0f46003be891	-
.gitignore	15	ACTIVE_REFERENCE	UNVERIFIED	0f46003be891	-
CURRENT_STATUS.md	62	CURRENT_AUTHORITY	UNVERIFIED	0f46003be891	唯一当前状态入口(2026-07-16 治理令)
GBPlanner项目进展汇报.pptx	864	ACTIVE_REFERENCE	UNVERIFIED	0f46003be891	-
HANDOVER_LINUX.md	225	ACTIVE_REFERENCE	UNVERIFIED	0f46003be891	环境重建参考;其执行状态段=历史,已标 SUPERSEDED
README.md	82	ACTIVE_REFERENCE	UNVERIFIED	0f46003be891	入口指针,不承载状态
TASKS.md	27	ACTIVE_REFERENCE	UNVERIFIED	0f46003be891	任务队列专项事实源,状态以 CURRENT_STATUS 为准
archive/artifacts_sample_桥接期证据/exploration_summary.json	2329	ARCHIVE	UNVERIFIED	0f46003be891	历史归档,只读
archive/artifacts_sample_桥接期证据/frontier_lite_决策代码_证据.py.tmpl	242	ARCHIVE	UNVERIFIED	0f46003be891	历史归档,只读
archive/code_2D原型_gbplanner_gain/gbplanner_core/CMakeLists.txt	24	ARCHIVE	UNVERIFIED	0f46003be891	历史归档,只读
archive/code_2D原型_gbplanner_gain/gbplanner_core/README.md	32	ARCHIVE	UNVERIFIED	0f46003be891	历史归档,只读
archive/code_2D原型_gbplanner_gain/gbplanner_core/include/gbplanner_core/dense_voxel_map.hpp	71	ARCHIVE	UNVERIFIED	0f46003be891	历史归档,只读
archive/code_2D原型_gbplanner_gain/gbplanner_core/include/gbplanner_core/exploration_planner.hpp	59	ARCHIVE	UNVERIFIED	0f46003be891	历史归档,只读
archive/code_2D原型_gbplanner_gain/gbplanner_core/include/gbplanner_core/ray_caster.hpp	62	ARCHIVE	UNVERIFIED	0f46003be891	历史归档,只读
archive/code_2D原型_gbplanner_gain/gbplanner_core/include/gbplanner_core/traversability_interface.hpp	15	ARCHIVE	UNVERIFIED	0f46003be891	历史归档,只读
archive/code_2D原型_gbplanner_gain/gbplanner_core/include/gbplanner_core/types.hpp	24	ARCHIVE	UNVERIFIED	0f46003be891	历史归档,只读
archive/code_2D原型_gbplanner_gain/gbplanner_core/include/gbplanner_core/voxel_map_interface.hpp	21	ARCHIVE	UNVERIFIED	0f46003be891	历史归档,只读
archive/code_2D原型_gbplanner_gain/gbplanner_core/src/demo_main.cpp	30	ARCHIVE	UNVERIFIED	0f46003be891	历史归档,只读
archive/code_2D原型_gbplanner_gain/gbplanner_core/src/exploration_demo.cpp	94	ARCHIVE	UNVERIFIED	0f46003be891	历史归档,只读
archive/code_2D原型_gbplanner_gain/gbplanner_core/test/test_gain.cpp	40	ARCHIVE	UNVERIFIED	0f46003be891	历史归档,只读
archive/gui_桥接期演示/maze_landmarks.md	81	ARCHIVE	UNVERIFIED	0f46003be891	历史归档,只读
archive/gui_桥接期演示/results_panel.html	293	ARCHIVE	UNVERIFIED	0f46003be891	历史归档,只读
archive/gui_桥接期演示/rviz_topic_map.md	131	ARCHIVE	UNVERIFIED	0f46003be891	历史归档,只读
archive/gui_桥接期演示/世界一致性核查_2026-07-07.md	62	ARCHIVE	UNVERIFIED	0f46003be891	历史归档,只读
archive/gui_桥接期演示/组会演示手册_2026-07-07.md	142	ARCHIVE	UNVERIFIED	0f46003be891	历史归档,只读
archive/integration_桥接线冻结/navlab_gbplanner_strategy.py	242	ARCHIVE	UNVERIFIED	0f46003be891	历史归档,只读
archive/integration_桥接线冻结/ros1_bridge/bridge_topics.yaml	45	ARCHIVE	UNVERIFIED	0f46003be891	历史归档,只读
archive/integration_桥接线冻结/ros1_bridge/check_output_gbp.py	64	ARCHIVE	UNVERIFIED	0f46003be891	历史归档,只读
archive/integration_桥接线冻结/ros1_bridge/cloud_z_probe.py	73	ARCHIVE	UNVERIFIED	0f46003be891	历史归档,只读
archive/integration_桥接线冻结/ros1_bridge/maze_geo_probe.py	37	ARCHIVE	UNVERIFIED	0f46003be891	历史归档,只读
archive/integration_桥接线冻结/ros1_bridge/pub_test_traj.py	37	ARCHIVE	UNVERIFIED	0f46003be891	历史归档,只读
archive/integration_桥接线冻结/ros1_bridge/ros1_cloud_z.py	26	ARCHIVE	UNVERIFIED	0f46003be891	历史归档,只读
archive/integration_桥接线冻结/ros1_bridge/stage4c_probe.py	128	ARCHIVE	UNVERIFIED	0f46003be891	历史归档,只读
archive/integration_桥接线冻结/ros1_bridge/stage5c_probe.py	156	ARCHIVE	UNVERIFIED	0f46003be891	历史归档,只读
archive/integration_桥接线冻结/ros1_bridge/sub_cmdvel_probe.py	30	ARCHIVE	UNVERIFIED	0f46003be891	历史归档,只读
archive/integration_桥接线冻结/ros1_bridge/sub_test_traj.py	20	ARCHIVE	UNVERIFIED	0f46003be891	历史归档,只读
archive/integration_桥接线冻结/ros1_bridge/sub_traj_z.py	23	ARCHIVE	UNVERIFIED	0f46003be891	历史归档,只读
archive/integration_桥接线冻结/ros1_bridge/takeoff_watch.py	33	ARCHIVE	UNVERIFIED	0f46003be891	历史归档,只读
archive/integration_桥接线冻结/ros1_bridge/thinbridge_ros1_side.py	191	ARCHIVE	UNVERIFIED	0f46003be891	历史归档,只读
archive/integration_桥接线冻结/ros1_bridge/thinbridge_ros2_side.py	194	ARCHIVE	UNVERIFIED	0f46003be891	历史归档,只读
archive/integration_桥接线冻结/ros1_bridge/traj_dryrun.py	81	ARCHIVE	UNVERIFIED	0f46003be891	历史归档,只读
archive/integration_桥接线冻结/ros1_bridge/trajectory_to_intent.py	156	ARCHIVE	UNVERIFIED	0f46003be891	历史归档,只读
archive/integration_桥接线冻结/ros1_bridge/trajectory_to_intent_stage4.py	331	ARCHIVE	UNVERIFIED	0f46003be891	历史归档,只读
archive/integration_桥接线冻结/ros1_bridge/wm_planner.launch	41	ARCHIVE	UNVERIFIED	0f46003be891	历史归档,只读
archive/integration_桥接线冻结/world-model-PR/ALL_my_worldmodel_code_changes.diff	577	ARCHIVE	UNVERIFIED	0f46003be891	历史归档,只读
archive/integration_桥接线冻结/world-model-PR/CLEAN_REPRO_takeoff_fixes.diff	286	ARCHIVE	UNVERIFIED	0f46003be891	历史归档,只读
archive/integration_桥接线冻结/world-model-PR/ISSUE_BODY.md	62	ARCHIVE	UNVERIFIED	0f46003be891	历史归档,只读
archive/integration_桥接线冻结/world-model-PR/PR_BODY.md	77	ARCHIVE	UNVERIFIED	0f46003be891	历史归档,只读
archive/integration_桥接线冻结/world-model-PR/PR物料清单.md	63	ARCHIVE	UNVERIFIED	0f46003be891	历史归档,只读
archive/integration_桥接线冻结/world-model-PR/README.md	47	ARCHIVE	UNVERIFIED	0f46003be891	历史归档,只读
archive/integration_桥接线冻结/world-model-PR/gbplanner_gain.patch	189	ARCHIVE	UNVERIFIED	0f46003be891	历史归档,只读
archive/integration_桥接线冻结/world-model-PR/rendered_frontier_lite.py	347	ARCHIVE	UNVERIFIED	0f46003be891	历史归档,只读
archive/integration_桥接线冻结/world-model-PR/rendered_gbplanner_gain.py	347	ARCHIVE	UNVERIFIED	0f46003be891	历史归档,只读
archive/integration_桥接线冻结/world-model-PR/手动提交PR与Issue指南.md	139	ARCHIVE	UNVERIFIED	0f46003be891	历史归档,只读
archive/launchers_Windows时代/1-启动GBPlanner仿真.bat	5	ARCHIVE	UNVERIFIED	0f46003be891	历史归档,只读
archive/launchers_Windows时代/2-起飞并自主探索.bat	4	ARCHIVE	UNVERIFIED	0f46003be891	历史归档,只读
archive/launchers_Windows时代/3-停止仿真.bat	4	ARCHIVE	UNVERIFIED	0f46003be891	历史归档,只读
archive/launchers_Windows时代/README.md	14	ARCHIVE	UNVERIFIED	0f46003be891	历史归档,只读
archive/notes_桥接期/exploration集成接口_frontier_lite.md	45	ARCHIVE	UNVERIFIED	0f46003be891	历史归档,只读
docs/GBPlanner_ROS2原生迁移可行性与任务拆解_2026-07-08.md	614	ACTIVE_REFERENCE	UNVERIFIED	0f46003be891	设计/审计文档;dated 快照以标注日期为界
docs/GBPlanner原始论文与代码对应关系.md	56	ACTIVE_REFERENCE	UNVERIFIED	0f46003be891	设计/审计文档;dated 快照以标注日期为界
docs/Review_022_ROS2迁移路线切换后的无损接管审查_2026-07-08.md	596	ACTIVE_REFERENCE	UNVERIFIED	0f46003be891	设计/审计文档;dated 快照以标注日期为界
docs/archive/01_环境搭建_WSL2_Docker_P0.md	135	ARCHIVE	UNVERIFIED	0f46003be891	历史归档,只读
docs/archive/CURRENT_STATUS_历史快照_截至2026-07-16.md	164	ARCHIVE	UNVERIFIED	0f46003be891	历史归档,只读
docs/archive/GBPlanner集成施工手册.docx	67	ARCHIVE	UNVERIFIED	0f46003be891	历史归档,只读
docs/archive/GBPlanner集成施工手册.md	219	ARCHIVE	UNVERIFIED	0f46003be891	历史归档,只读
docs/archive/OBSOLETE_ISSUE_frontier_lite_and_compile_bug.md	77	ARCHIVE	UNVERIFIED	0f46003be891	历史归档,只读
docs/archive/OBSOLETE_PR_description.md	101	ARCHIVE	UNVERIFIED	0f46003be891	历史归档,只读
docs/archive/OBSOLETE_README_阶段4桥接设计.md	59	ARCHIVE	UNVERIFIED	0f46003be891	历史归档,只读
docs/archive/PR兼容性与jazzy评估.md	57	ARCHIVE	UNVERIFIED	0f46003be891	历史归档,只读
docs/archive/README.md	22	ARCHIVE	UNVERIFIED	0f46003be891	历史归档,只读
docs/archive/README_历史全景蓝图_2026-07-06.md	323	ARCHIVE	UNVERIFIED	0f46003be891	历史归档,只读
docs/archive/RESUME_恢复文档.md	276	ARCHIVE	UNVERIFIED	0f46003be891	历史归档,只读
docs/archive/RESUME_新窗口接管_2026-07-06.md	15	ARCHIVE	UNVERIFIED	0f46003be891	历史归档,只读
docs/archive/WSL使用与复现.md	70	ARCHIVE	UNVERIFIED	0f46003be891	历史归档,只读
docs/archive/交接文档_给Codex接管.md	57	ARCHIVE	UNVERIFIED	0f46003be891	历史归档,只读
docs/archive/仓库导览_worldmodel与gbplanner.md	59	ARCHIVE	UNVERIFIED	0f46003be891	历史归档,只读
docs/archive/体积增益与RViz界面详解.md	72	ARCHIVE	UNVERIFIED	0f46003be891	历史归档,只读
docs/archive/基线定档_frontier_lite_2026-07-06.md	41	ARCHIVE	UNVERIFIED	0f46003be891	历史归档,只读
docs/archive/实跑操作手册_图文版.md	127	ARCHIVE	UNVERIFIED	0f46003be891	历史归档,只读
docs/archive/对比实验与缺陷论证设计.md	82	ARCHIVE	UNVERIFIED	0f46003be891	历史归档,只读
docs/archive/手机Claude_RemoteControl.md	25	ARCHIVE	UNVERIFIED	0f46003be891	历史归档,只读
docs/archive/接力棒_历史轮次_截至2026-07-16.md	305	ARCHIVE	UNVERIFIED	0f46003be891	历史归档,只读
docs/archive/操作手册_如何查看与演示.md	32	ARCHIVE	UNVERIFIED	0f46003be891	历史归档,只读
docs/archive/桥接接口规格.md	76	ARCHIVE	UNVERIFIED	0f46003be891	历史归档,只读
docs/archive/桥接查证与执行计划_2026-07-06.md	110	ARCHIVE	UNVERIFIED	0f46003be891	历史归档,只读
docs/archive/环境就绪状态_2026-06-29.md	37	ARCHIVE	UNVERIFIED	0f46003be891	历史归档,只读
docs/archive/算法核心演示_体积增益选路.md	50	ARCHIVE	UNVERIFIED	0f46003be891	历史归档,只读
docs/archive/运行时排错记录_humble.md	207	ARCHIVE	UNVERIFIED	0f46003be891	历史归档,只读
docs/archive/进展_2026-06-29.md	62	ARCHIVE	UNVERIFIED	0f46003be891	历史归档,只读
docs/archive/镜像探索复盘.md	29	ARCHIVE	UNVERIFIED	0f46003be891	历史归档,只读
docs/archive/集成机制与frontier_lite缺陷_核心发现.md	76	ARCHIVE	UNVERIFIED	0f46003be891	历史归档,只读
docs/archive/项目简洁汇报_历史_2026-07-06版.md	48	ARCHIVE	UNVERIFIED	0f46003be891	历史归档,只读
docs/archive/预研A_复现worldmodel.md	47	ARCHIVE	UNVERIFIED	0f46003be891	历史归档,只读
docs/archive/预研A_构建排错记录.md	84	ARCHIVE	UNVERIFIED	0f46003be891	历史归档,只读
docs/archive/预研A排错战役实录_35轮实验全解.md	108	ARCHIVE	UNVERIFIED	0f46003be891	历史归档,只读
docs/archive/预研B_仿真实跑排错记录.md	66	ARCHIVE	UNVERIFIED	0f46003be891	历史归档,只读
docs/archive/预研B_复现GBPlanner.md	57	ARCHIVE	UNVERIFIED	0f46003be891	历史归档,只读
docs/jazzy全栈重建_施工指引.md	80	ACTIVE_REFERENCE	UNVERIFIED	0f46003be891	设计/审计文档;dated 快照以标注日期为界
docs/ros2迁移_voxblox选型_2026-07-07.md	147	ACTIVE_REFERENCE	UNVERIFIED	0f46003be891	设计/审计文档;dated 快照以标注日期为界
docs/ros2迁移_包清单与体量_2026-07-07.md	215	ACTIVE_REFERENCE	UNVERIFIED	0f46003be891	设计/审计文档;dated 快照以标注日期为界
docs/ros2迁移_直连架构契约_2026-07-07.md	141	ACTIVE_REFERENCE	UNVERIFIED	0f46003be891	设计/审计文档;dated 快照以标注日期为界
docs/world-model端到端Bug台账_给作者PR.md	142	ACTIVE_REFERENCE	UNVERIFIED	0f46003be891	唯一问题台账(专项事实源;编号不携带状态,四维状态字段为准)
docs/worldmodel理解_0_总览_给ROS2迁移.md	50	ACTIVE_REFERENCE	UNVERIFIED	0f46003be891	设计/审计文档;dated 快照以标注日期为界
docs/worldmodel理解_1_编排与任务生命周期.md	197	ACTIVE_REFERENCE	UNVERIFIED	0f46003be891	设计/审计文档;dated 快照以标注日期为界
docs/worldmodel理解_2_ROS图与数据流.md	295	ACTIVE_REFERENCE	UNVERIFIED	0f46003be891	设计/审计文档;dated 快照以标注日期为界
docs/worldmodel理解_3_探索策略接口_GBPlanner接入点.md	268	ACTIVE_REFERENCE	UNVERIFIED	0f46003be891	设计/审计文档;dated 快照以标注日期为界
docs/上游改动审计_原生Ubuntu必要性_2026-07-14.md	62	ACTIVE_REFERENCE	UNVERIFIED	0f46003be891	设计/审计文档;dated 快照以标注日期为界
docs/原生Linux迁移检查单_2026-07-08.md	58	ACTIVE_REFERENCE	UNVERIFIED	0f46003be891	设计/审计文档;dated 快照以标注日期为界
docs/多层3D探索Demo设计_2026-07-14.md	102	ACTIVE_REFERENCE	UNVERIFIED	0f46003be891	设计/审计文档;dated 快照以标注日期为界
docs/术语表_科研小白版.md	71	ACTIVE_REFERENCE	UNVERIFIED	0f46003be891	设计/审计文档;dated 快照以标注日期为界
docs/路线切换_ROS2迁移_2026-07-07.md	57	ACTIVE_REFERENCE	UNVERIFIED	0f46003be891	设计/审计文档;dated 快照以标注日期为界
governance/README.md	126	ACTIVE_REFERENCE	UNVERIFIED	0f46003be891	-
governance/WP303_monitor生命周期方案_2026-07-16.md	266	ACTIVE_REFERENCE	UNVERIFIED	0f46003be891	-
governance/WP304_OPEN-1因果时间线与实验设计_2026-07-17.md	174	ACTIVE_REFERENCE	UNVERIFIED	0f46003be891	-
governance/claim_manifest.tsv	49	ACTIVE_REFERENCE	UNVERIFIED	0f46003be891	-
governance/doc_closure_check.py	83	ACTIVE_REFERENCE	UNVERIFIED	0f46003be891	-
governance/generate_manifest.py	491	ACTIVE_REFERENCE	UNVERIFIED	0f46003be891	-
governance/manifest_feat.tsv	1438	ACTIVE_REFERENCE	UNVERIFIED	0f46003be891	-
governance/manifest_main.tsv	1014	ACTIVE_REFERENCE	UNVERIFIED	0f46003be891	-
governance/manifest_wm.tsv	614	ACTIVE_REFERENCE	UNVERIFIED	0f46003be891	-
governance/test_generate_manifest.sh	226	ACTIVE_REFERENCE	UNVERIFIED	0f46003be891	-
images/battle_map.png	992	ACTIVE_REFERENCE	UNVERIFIED	0f46003be891	-
images/battle_map.svg	72	ACTIVE_REFERENCE	UNVERIFIED	0f46003be891	-
images/exploration_metrics_full.csv	71	ACTIVE_REFERENCE	UNVERIFIED	0f46003be891	-
images/exploration_metrics_full.png	165	ACTIVE_REFERENCE	UNVERIFIED	0f46003be891	-
images/exploration_metrics_full.svg	19	ACTIVE_REFERENCE	UNVERIFIED	0f46003be891	-
images/exploration_metrics_round2.csv	17	ACTIVE_REFERENCE	UNVERIFIED	0f46003be891	-
images/exploration_metrics_round2.png	181	ACTIVE_REFERENCE	UNVERIFIED	0f46003be891	-
images/exploration_metrics_round2.svg	19	ACTIVE_REFERENCE	UNVERIFIED	0f46003be891	-
images/explored_map_lightboxes.vxblx	428	ACTIVE_REFERENCE	UNVERIFIED	0f46003be891	-
images/gain_decision.png	328	ACTIVE_REFERENCE	UNVERIFIED	0f46003be891	-
images/gain_decision.svg	1539	ACTIVE_REFERENCE	UNVERIFIED	0f46003be891	-
images/integration_strategy_ros1_ros2.png	725	ACTIVE_REFERENCE	UNVERIFIED	0f46003be891	-
images/integration_strategy_ros1_ros2.svg	35	ACTIVE_REFERENCE	UNVERIFIED	0f46003be891	-
images/p1_volume_gain_demo.png	268	ACTIVE_REFERENCE	UNVERIFIED	0f46003be891	-
images/p1_volume_gain_demo.svg	48	ACTIVE_REFERENCE	UNVERIFIED	0f46003be891	-
images/rviz_annotated.png	638	ACTIVE_REFERENCE	UNVERIFIED	0f46003be891	-
images/rviz_annotated.svg	91	ACTIVE_REFERENCE	UNVERIFIED	0f46003be891	-
images/slice5_rviz_wm_scene.png	1807	ACTIVE_REFERENCE	UNVERIFIED	0f46003be891	-
images/tut_flow.png	342	ACTIVE_REFERENCE	UNVERIFIED	0f46003be891	-
images/tut_flow.svg	51	ACTIVE_REFERENCE	UNVERIFIED	0f46003be891	-
images/tut_screen.png	153	ACTIVE_REFERENCE	UNVERIFIED	0f46003be891	-
images/tut_screen.svg	48	ACTIVE_REFERENCE	UNVERIFIED	0f46003be891	-
ros2_port/src/voxblox_ros2_minimal/voxblox_ros/mesh_results/.keep	0	ACTIVE_REFERENCE	UNVERIFIED	0f46003be891	-
runbooks/bin_autopsy/cal_axis_probe.py	105	ACTIVE_REFERENCE	UNVERIFIED	0f46003be891	实验/治理工具脚本
runbooks/bin_autopsy/cal_bag_extract.py	109	ACTIVE_REFERENCE	UNVERIFIED	0f46003be891	实验/治理工具脚本
runbooks/bin_autopsy/cal_bin_decode.py	37	ACTIVE_REFERENCE	UNVERIFIED	0f46003be891	实验/治理工具脚本
runbooks/bin_autopsy/cal_bin_decode2.py	34	ACTIVE_REFERENCE	UNVERIFIED	0f46003be891	实验/治理工具脚本
runbooks/bin_autopsy/cal_bin_params.py	28	ACTIVE_REFERENCE	UNVERIFIED	0f46003be891	实验/治理工具脚本
runbooks/diagnostics/AB实验_uid1000复现与GZ_PARTITION治愈.sh	27	ACTIVE_REFERENCE	UNVERIFIED	0f46003be891	实验/治理工具脚本
runbooks/diagnostics/README.md	20	FROZEN_EVIDENCE	UNVERIFIED	0f46003be891	原始实验证据,只读;结论以 CURRENT_STATUS 指针为准
runbooks/diagnostics/jazzy兼容实测_Py312.sh	39	ACTIVE_REFERENCE	UNVERIFIED	0f46003be891	实验/治理工具脚本
runbooks/diagnostics/存活监测_容器30秒三采样.sh	16	ACTIVE_REFERENCE	UNVERIFIED	0f46003be891	实验/治理工具脚本
runbooks/diagnostics/守株待兔_容器一出现就inspect.sh	10	ACTIVE_REFERENCE	UNVERIFIED	0f46003be891	实验/治理工具脚本
runbooks/diagnostics/组播嗅探_gz发现端口.py	33	ACTIVE_REFERENCE	UNVERIFIED	0f46003be891	实验/治理工具脚本
runbooks/diagnostics/组播自测_单收.py	28	ACTIVE_REFERENCE	UNVERIFIED	0f46003be891	实验/治理工具脚本
runbooks/diagnostics/组播自测_多socket分发.py	35	ACTIVE_REFERENCE	UNVERIFIED	0f46003be891	实验/治理工具脚本
runbooks/diagnostics/验尸_探针原始采样细节.sh	12	ACTIVE_REFERENCE	UNVERIFIED	0f46003be891	实验/治理工具脚本
runbooks/diagnostics/验尸_最新run的blockers与SLAM.sh	23	ACTIVE_REFERENCE	UNVERIFIED	0f46003be891	实验/治理工具脚本
runbooks/gbplanner_ref/Dockerfile	45	ACTIVE_REFERENCE	UNVERIFIED	0f46003be891	实验/治理工具脚本
runbooks/gbplanner_ref/README.md	24	FROZEN_EVIDENCE	UNVERIFIED	0f46003be891	原始实验证据,只读;结论以 CURRENT_STATUS 指针为准
runbooks/gbplanner_ref/build_and_run.sh	31	ACTIVE_REFERENCE	UNVERIFIED	0f46003be891	实验/治理工具脚本
runbooks/gbplanner_ref/light_boxes.world	55	ACTIVE_REFERENCE	UNVERIFIED	0f46003be891	实验/治理工具脚本
runbooks/gbplanner_ref/plot_metrics.py	79	ACTIVE_REFERENCE	UNVERIFIED	0f46003be891	实验/治理工具脚本
runbooks/gbplanner_ref/run_light.sh	29	ACTIVE_REFERENCE	UNVERIFIED	0f46003be891	实验/治理工具脚本
runbooks/gbplanner_ref/run_light_hostnet.sh	21	ACTIVE_REFERENCE	UNVERIFIED	0f46003be891	实验/治理工具脚本
runbooks/gbplanner_ref/takeoff_and_explore.sh	19	ACTIVE_REFERENCE	UNVERIFIED	0f46003be891	实验/治理工具脚本
runbooks/make_ppt.js	172	ACTIVE_REFERENCE	UNVERIFIED	0f46003be891	实验/治理工具脚本
runbooks/migration/bootstrap_linux_gate0.sh	117	ACTIVE_REFERENCE	UNVERIFIED	0f46003be891	实验/治理工具脚本
runbooks/migration/m0_export_images.sh	27	ACTIVE_REFERENCE	UNVERIFIED	0f46003be891	实验/治理工具脚本
runbooks/migration/m0_import_images.sh	17	ACTIVE_REFERENCE	UNVERIFIED	0f46003be891	实验/治理工具脚本
runbooks/migration/proxy_persistence_evidence.txt	41	FROZEN_EVIDENCE	UNVERIFIED	0f46003be891	原始实验证据,只读;结论以 CURRENT_STATUS 指针为准
runbooks/migration/world-model-clean-050ee94.bundle	19133	ACTIVE_REFERENCE	UNVERIFIED	0f46003be891	实验/治理工具脚本
runbooks/migration/world-model-clean-8df2690.bundle	19163	ACTIVE_REFERENCE	UNVERIFIED	0f46003be891	实验/治理工具脚本
runbooks/world-model-humble-fixes/baseline-patch/Dockerfile	2	ACTIVE_REFERENCE	UNVERIFIED	0f46003be891	实验/治理工具脚本
runbooks/world-model-humble-fixes/baseline-patch/README.md	16	FROZEN_EVIDENCE	UNVERIFIED	0f46003be891	原始实验证据,只读;结论以 CURRENT_STATUS 指针为准
runbooks/world-model-humble-fixes/baseline-patch/robot.launch.py	462	ACTIVE_REFERENCE	UNVERIFIED	0f46003be891	实验/治理工具脚本
runbooks/world-model-humble-fixes/build_gazebo_sensor2.sh	35	ACTIVE_REFERENCE	UNVERIFIED	0f46003be891	实验/治理工具脚本
runbooks/world-model-humble-fixes/build_official4.sh	19	ACTIVE_REFERENCE	UNVERIFIED	0f46003be891	实验/治理工具脚本
runbooks/world-model-humble-fixes/build_official5.sh	22	ACTIVE_REFERENCE	UNVERIFIED	0f46003be891	实验/治理工具脚本
runbooks/world-model-humble-fixes/gazebo-headless-humble.Dockerfile	41	ACTIVE_REFERENCE	UNVERIFIED	0f46003be891	实验/治理工具脚本
runbooks/world-model-humble-fixes/gazebo-sensor-humble.Dockerfile	87	ACTIVE_REFERENCE	UNVERIFIED	0f46003be891	实验/治理工具脚本
runbooks/world-model-humble-fixes/run_exploration.sh	12	ACTIVE_REFERENCE	UNVERIFIED	0f46003be891	实验/治理工具脚本
runbooks/world-model-humble-fixes/verify_humble.sh	20	ACTIVE_REFERENCE	UNVERIFIED	0f46003be891	实验/治理工具脚本
runbooks/world-model-jazzy/apply_latejoin_and_test.sh	12	ACTIVE_REFERENCE	UNVERIFIED	0f46003be891	实验/治理工具脚本
runbooks/world-model-jazzy/apply_lidar3d_and_test.sh	8	ACTIVE_REFERENCE	UNVERIFIED	0f46003be891	实验/治理工具脚本
runbooks/world-model-jazzy/baseline_batch.sh	21	ACTIVE_REFERENCE	UNVERIFIED	0f46003be891	实验/治理工具脚本
runbooks/world-model-jazzy/baseline_postfix_evidence.txt	37	FROZEN_EVIDENCE	UNVERIFIED	0f46003be891	原始实验证据,只读;结论以 CURRENT_STATUS 指针为准
runbooks/world-model-jazzy/build_all_jazzy_native.sh	112	ACTIVE_REFERENCE	UNVERIFIED	0f46003be891	实验/治理工具脚本
runbooks/world-model-jazzy/build_jazzy.sh	36	ACTIVE_REFERENCE	UNVERIFIED	0f46003be891	实验/治理工具脚本
runbooks/world-model-jazzy/bulk_label.py	78	ACTIVE_REFERENCE	UNVERIFIED	0f46003be891	实验/治理工具脚本
runbooks/world-model-jazzy/bulk_stamp.py	77	ACTIVE_REFERENCE	UNVERIFIED	0f46003be891	实验/治理工具脚本
runbooks/world-model-jazzy/bulk_stamp2.py	44	ACTIVE_REFERENCE	UNVERIFIED	0f46003be891	实验/治理工具脚本
runbooks/world-model-jazzy/check_probes.py	15	ACTIVE_REFERENCE	UNVERIFIED	0f46003be891	实验/治理工具脚本
runbooks/world-model-jazzy/check_rosbag_qos.py	36	ACTIVE_REFERENCE	UNVERIFIED	0f46003be891	实验/治理工具脚本
runbooks/world-model-jazzy/clean_repro.sh	14	ACTIVE_REFERENCE	UNVERIFIED	0f46003be891	实验/治理工具脚本
runbooks/world-model-jazzy/commit_msg_probe.txt	33	FROZEN_EVIDENCE	UNVERIFIED	0f46003be891	原始实验证据,只读;结论以 CURRENT_STATUS 指针为准
runbooks/world-model-jazzy/commit_msg_revert.txt	24	FROZEN_EVIDENCE	UNVERIFIED	0f46003be891	原始实验证据,只读;结论以 CURRENT_STATUS 指针为准
runbooks/world-model-jazzy/commit_probe_fix.sh	23	ACTIVE_REFERENCE	UNVERIFIED	0f46003be891	实验/治理工具脚本
runbooks/world-model-jazzy/commit_revert.sh	22	ACTIVE_REFERENCE	UNVERIFIED	0f46003be891	实验/治理工具脚本
runbooks/world-model-jazzy/decode_ctun.py	38	ACTIVE_REFERENCE	UNVERIFIED	0f46003be891	实验/治理工具脚本
runbooks/world-model-jazzy/decode_disarm_reason.sh	31	ACTIVE_REFERENCE	UNVERIFIED	0f46003be891	实验/治理工具脚本
runbooks/world-model-jazzy/decode_takeoff_bin.py	52	ACTIVE_REFERENCE	UNVERIFIED	0f46003be891	实验/治理工具脚本
runbooks/world-model-jazzy/decode_takeoff_physics.sh	35	ACTIVE_REFERENCE	UNVERIFIED	0f46003be891	实验/治理工具脚本
runbooks/world-model-jazzy/diag_topics.sh	23	ACTIVE_REFERENCE	UNVERIFIED	0f46003be891	实验/治理工具脚本
runbooks/world-model-jazzy/gate4_live_native.sh	47	ACTIVE_REFERENCE	UNVERIFIED	0f46003be891	实验/治理工具脚本
runbooks/world-model-jazzy/gate4_native_firstrun_evidence.txt	51	FROZEN_EVIDENCE	UNVERIFIED	0f46003be891	原始实验证据,只读;结论以 CURRENT_STATUS 指针为准
runbooks/world-model-jazzy/gate4_native_pass_evidence.txt	26	FROZEN_EVIDENCE	UNVERIFIED	0f46003be891	原始实验证据,只读;结论以 CURRENT_STATUS 指针为准
runbooks/world-model-jazzy/gazebo-sensor-jazzy.Dockerfile	91	ACTIVE_REFERENCE	UNVERIFIED	0f46003be891	实验/治理工具脚本
runbooks/world-model-jazzy/gui1_gazebo.sh	32	ACTIVE_REFERENCE	UNVERIFIED	0f46003be891	实验/治理工具脚本
runbooks/world-model-jazzy/gui2_rviz.sh	21	ACTIVE_REFERENCE	UNVERIFIED	0f46003be891	实验/治理工具脚本
runbooks/world-model-jazzy/gui2b_rviz_extra.sh	17	ACTIVE_REFERENCE	UNVERIFIED	0f46003be891	实验/治理工具脚本
runbooks/world-model-jazzy/gui_demo_A_gbplanner_original.sh	24	ACTIVE_REFERENCE	UNVERIFIED	0f46003be891	实验/治理工具脚本
runbooks/world-model-jazzy/gui_demo_A_takeoff.sh	10	ACTIVE_REFERENCE	UNVERIFIED	0f46003be891	实验/治理工具脚本
runbooks/world-model-jazzy/gui_demo_B_staged.sh	64	ACTIVE_REFERENCE	UNVERIFIED	0f46003be891	实验/治理工具脚本
runbooks/world-model-jazzy/gui_demo_B_worldmodel_original.sh	25	ACTIVE_REFERENCE	UNVERIFIED	0f46003be891	实验/治理工具脚本
runbooks/world-model-jazzy/gui_demo_C_fusion.sh	6	ACTIVE_REFERENCE	UNVERIFIED	0f46003be891	实验/治理工具脚本
runbooks/world-model-jazzy/gui_demo_C_longrun.sh	49	ACTIVE_REFERENCE	UNVERIFIED	0f46003be891	实验/治理工具脚本
runbooks/world-model-jazzy/gui_demo_C_loop.sh	43	ACTIVE_REFERENCE	UNVERIFIED	0f46003be891	实验/治理工具脚本
runbooks/world-model-jazzy/gui_demo_C_resume.sh	36	ACTIVE_REFERENCE	UNVERIFIED	0f46003be891	实验/治理工具脚本
runbooks/world-model-jazzy/gui_demo_master.sh	55	ACTIVE_REFERENCE	UNVERIFIED	0f46003be891	实验/治理工具脚本
runbooks/world-model-jazzy/inspect_bootstrap.sh	39	ACTIVE_REFERENCE	UNVERIFIED	0f46003be891	实验/治理工具脚本
runbooks/world-model-jazzy/inspect_ekf_timeline.sh	30	ACTIVE_REFERENCE	UNVERIFIED	0f46003be891	实验/治理工具脚本
runbooks/world-model-jazzy/inspect_pose_filtered.py	42	ACTIVE_REFERENCE	UNVERIFIED	0f46003be891	实验/治理工具脚本
runbooks/world-model-jazzy/inspect_run.sh	38	ACTIVE_REFERENCE	UNVERIFIED	0f46003be891	实验/治理工具脚本
runbooks/world-model-jazzy/inspect_takeoff.sh	44	ACTIVE_REFERENCE	UNVERIFIED	0f46003be891	实验/治理工具脚本
runbooks/world-model-jazzy/l0_hover/batch_133858.summary.txt	31	FROZEN_EVIDENCE	UNVERIFIED	0f46003be891	原始实验证据,只读;结论以 CURRENT_STATUS 指针为准
runbooks/world-model-jazzy/l0_hover/batch_common.sh	77	ACTIVE_REFERENCE	UNVERIFIED	0f46003be891	实验/治理工具脚本
runbooks/world-model-jazzy/l0_hover/batch_lifecycle.py	595	ACTIVE_REFERENCE	UNVERIFIED	0f46003be891	实验/治理工具脚本
runbooks/world-model-jazzy/l0_hover/l0_batch_6of6_evidence.txt	33	FROZEN_EVIDENCE	UNVERIFIED	0f46003be891	原始实验证据,只读;结论以 CURRENT_STATUS 指针为准
runbooks/world-model-jazzy/l0_hover/l0_batch_evidence_2026-07-14.md	82	FROZEN_EVIDENCE	UNVERIFIED	0f46003be891	原始实验证据,只读;结论以 CURRENT_STATUS 指针为准
runbooks/world-model-jazzy/l0_hover/l0_bin_verdict.py	133	ACTIVE_REFERENCE	UNVERIFIED	0f46003be891	实验/治理工具脚本
runbooks/world-model-jazzy/l0_hover/l0_hover_gate.sh	94	ACTIVE_REFERENCE	UNVERIFIED	0f46003be891	实验/治理工具脚本
runbooks/world-model-jazzy/l0_hover/l0_hover_mission.py	180	ACTIVE_REFERENCE	UNVERIFIED	0f46003be891	实验/治理工具脚本
runbooks/world-model-jazzy/l0_hover/l15_batch.sh	28	ACTIVE_REFERENCE	UNVERIFIED	0f46003be891	实验/治理工具脚本
runbooks/world-model-jazzy/l0_hover/l15_frame_audit.py	261	ACTIVE_REFERENCE	UNVERIFIED	0f46003be891	实验/治理工具脚本
runbooks/world-model-jazzy/l0_hover/l15_frame_audit_evidence_2026-07-16.md	174	FROZEN_EVIDENCE	UNVERIFIED	0f46003be891	原始实验证据,只读;结论以 CURRENT_STATUS 指针为准
runbooks/world-model-jazzy/l0_hover/l1_bin_full_window.py	94	ACTIVE_REFERENCE	UNVERIFIED	0f46003be891	实验/治理工具脚本
runbooks/world-model-jazzy/l0_hover/l1_bisect_batch.sh	51	ACTIVE_REFERENCE	UNVERIFIED	0f46003be891	实验/治理工具脚本
runbooks/world-model-jazzy/l0_hover/l1_bringup_evidence_2026-07-15.md	125	FROZEN_EVIDENCE	UNVERIFIED	0f46003be891	原始实验证据,只读;结论以 CURRENT_STATUS 指针为准
runbooks/world-model-jazzy/l0_hover/l2_batch.sh	21	ACTIVE_REFERENCE	UNVERIFIED	0f46003be891	实验/治理工具脚本
runbooks/world-model-jazzy/l0_hover/l2fix_batch.sh	21	ACTIVE_REFERENCE	UNVERIFIED	0f46003be891	实验/治理工具脚本
runbooks/world-model-jazzy/l0_hover/model_overlay_frozen.sdf	437	ACTIVE_REFERENCE	UNVERIFIED	0f46003be891	实验/治理工具脚本
runbooks/world-model-jazzy/l0_hover/run_batch.sh	54	ACTIVE_REFERENCE	UNVERIFIED	0f46003be891	实验/治理工具脚本
runbooks/world-model-jazzy/l0_hover/test_batch_common.sh	61	ACTIVE_REFERENCE	UNVERIFIED	0f46003be891	实验/治理工具脚本
runbooks/world-model-jazzy/l0_hover/test_final_rc.py	39	ACTIVE_REFERENCE	UNVERIFIED	0f46003be891	实验/治理工具脚本
runbooks/world-model-jazzy/l0_hover/test_wait_batch.sh	362	ACTIVE_REFERENCE	UNVERIFIED	0f46003be891	实验/治理工具脚本
runbooks/world-model-jazzy/l0_hover/wait_batch.sh	7	ACTIVE_REFERENCE	UNVERIFIED	0f46003be891	实验/治理工具脚本
runbooks/world-model-jazzy/live_probe_chain.sh	20	ACTIVE_REFERENCE	UNVERIFIED	0f46003be891	实验/治理工具脚本
runbooks/world-model-jazzy/patch_clean_deadlock.py	33	ACTIVE_REFERENCE	UNVERIFIED	0f46003be891	实验/治理工具脚本
runbooks/world-model-jazzy/patch_clean_emptyargs.py	26	ACTIVE_REFERENCE	UNVERIFIED	0f46003be891	实验/治理工具脚本
runbooks/world-model-jazzy/patch_clean_imuecho.py	22	ACTIVE_REFERENCE	UNVERIFIED	0f46003be891	实验/治理工具脚本
runbooks/world-model-jazzy/patch_clean_rngfnd.py	38	ACTIVE_REFERENCE	UNVERIFIED	0f46003be891	实验/治理工具脚本
runbooks/world-model-jazzy/patch_clean_rngfndtest.py	42	ACTIVE_REFERENCE	UNVERIFIED	0f46003be891	实验/治理工具脚本
runbooks/world-model-jazzy/patch_clean_slamtest.py	29	ACTIVE_REFERENCE	UNVERIFIED	0f46003be891	实验/治理工具脚本
runbooks/world-model-jazzy/patch_clean_waitekf.py	27	ACTIVE_REFERENCE	UNVERIFIED	0f46003be891	实验/治理工具脚本
runbooks/world-model-jazzy/patch_clean_waitpos.py	45	ACTIVE_REFERENCE	UNVERIFIED	0f46003be891	实验/治理工具脚本
runbooks/world-model-jazzy/patch_compass_off.sh	12	ACTIVE_REFERENCE	UNVERIFIED	0f46003be891	实验/治理工具脚本
runbooks/world-model-jazzy/patch_external_nav_rate.sh	79	ACTIVE_REFERENCE	UNVERIFIED	0f46003be891	实验/治理工具脚本
runbooks/world-model-jazzy/patch_external_strategy.py	43	ACTIVE_REFERENCE	UNVERIFIED	0f46003be891	实验/治理工具脚本
runbooks/world-model-jazzy/patch_fastlio_cstdint.sh	8	ACTIVE_REFERENCE	UNVERIFIED	0f46003be891	实验/治理工具脚本
runbooks/world-model-jazzy/patch_lidar3d.py	110	ACTIVE_REFERENCE	UNVERIFIED	0f46003be891	实验/治理工具脚本
runbooks/world-model-jazzy/patch_probe_latejoin.py	56	ACTIVE_REFERENCE	UNVERIFIED	0f46003be891	实验/治理工具脚本
runbooks/world-model-jazzy/patch_probe_qos.py	40	ACTIVE_REFERENCE	UNVERIFIED	0f46003be891	实验/治理工具脚本
runbooks/world-model-jazzy/patch_rngfnd_rename.sh	56	ACTIVE_REFERENCE	UNVERIFIED	0f46003be891	实验/治理工具脚本
runbooks/world-model-jazzy/patch_slam_test.sh	20	ACTIVE_REFERENCE	UNVERIFIED	0f46003be891	实验/治理工具脚本
runbooks/world-model-jazzy/pins_2026-07-14.yaml	44	FROZEN_EVIDENCE	UNVERIFIED	0f46003be891	原始实验证据,只读;结论以 CURRENT_STATUS 指针为准
runbooks/world-model-jazzy/pose_first_ts.py	81	ACTIVE_REFERENCE	UNVERIFIED	0f46003be891	实验/治理工具脚本
runbooks/world-model-jazzy/probe_aptf.sh	19	ACTIVE_REFERENCE	UNVERIFIED	0f46003be891	实验/治理工具脚本
runbooks/world-model-jazzy/probe_timing.py	88	ACTIVE_REFERENCE	UNVERIFIED	0f46003be891	实验/治理工具脚本
runbooks/world-model-jazzy/revert_param_hacks.py	28	ACTIVE_REFERENCE	UNVERIFIED	0f46003be891	实验/治理工具脚本
runbooks/world-model-jazzy/run_exploration_jazzy.sh	18	ACTIVE_REFERENCE	UNVERIFIED	0f46003be891	实验/治理工具脚本
runbooks/world-model-jazzy/run_sub_experiment.sh	41	ACTIVE_REFERENCE	UNVERIFIED	0f46003be891	实验/治理工具脚本
runbooks/world-model-jazzy/show_failed_test.sh	6	ACTIVE_REFERENCE	UNVERIFIED	0f46003be891	实验/治理工具脚本
runbooks/world-model-jazzy/show_gen_fail.sh	4	ACTIVE_REFERENCE	UNVERIFIED	0f46003be891	实验/治理工具脚本
runbooks/world-model-jazzy/show_overlay_lidar.py	25	ACTIVE_REFERENCE	UNVERIFIED	0f46003be891	实验/治理工具脚本
runbooks/world-model-jazzy/show_probe_plan.py	32	ACTIVE_REFERENCE	UNVERIFIED	0f46003be891	实验/治理工具脚本
runbooks/world-model-jazzy/slam_status_timeline.py	64	ACTIVE_REFERENCE	UNVERIFIED	0f46003be891	实验/治理工具脚本
runbooks/world-model-jazzy/stage1_evidence.txt	102	FROZEN_EVIDENCE	UNVERIFIED	0f46003be891	原始实验证据,只读;结论以 CURRENT_STATUS 指针为准
runbooks/world-model-jazzy/stage1_gbplanner_verify.sh	38	ACTIVE_REFERENCE	UNVERIFIED	0f46003be891	实验/治理工具脚本
runbooks/world-model-jazzy/stage26_consume.sh	66	ACTIVE_REFERENCE	UNVERIFIED	0f46003be891	实验/治理工具脚本
runbooks/world-model-jazzy/stage26_evidence.txt	59	FROZEN_EVIDENCE	UNVERIFIED	0f46003be891	原始实验证据,只读;结论以 CURRENT_STATUS 指针为准
runbooks/world-model-jazzy/stage2a2_evidence.txt	18	FROZEN_EVIDENCE	UNVERIFIED	0f46003be891	原始实验证据,只读;结论以 CURRENT_STATUS 指针为准
runbooks/world-model-jazzy/stage2a2_fix.sh	59	ACTIVE_REFERENCE	UNVERIFIED	0f46003be891	实验/治理工具脚本
runbooks/world-model-jazzy/stage2a_dds_interop.sh	50	ACTIVE_REFERENCE	UNVERIFIED	0f46003be891	实验/治理工具脚本
runbooks/world-model-jazzy/stage2a_evidence.txt	46	FROZEN_EVIDENCE	UNVERIFIED	0f46003be891	原始实验证据,只读;结论以 CURRENT_STATUS 指针为准
runbooks/world-model-jazzy/stage2b_evidence.txt	47	FROZEN_EVIDENCE	UNVERIFIED	0f46003be891	原始实验证据,只读;结论以 CURRENT_STATUS 指针为准
runbooks/world-model-jazzy/stage2b_zenoh.sh	69	ACTIVE_REFERENCE	UNVERIFIED	0f46003be891	实验/治理工具脚本
runbooks/world-model-jazzy/stage2c_diag.py	12	ACTIVE_REFERENCE	UNVERIFIED	0f46003be891	实验/治理工具脚本
runbooks/world-model-jazzy/stage2c_diag.sh	34	ACTIVE_REFERENCE	UNVERIFIED	0f46003be891	实验/治理工具脚本
runbooks/world-model-jazzy/stage2c_evidence.txt	58	FROZEN_EVIDENCE	UNVERIFIED	0f46003be891	原始实验证据,只读;结论以 CURRENT_STATUS 指针为准
runbooks/world-model-jazzy/stage2d_evidence.txt	26	FROZEN_EVIDENCE	UNVERIFIED	0f46003be891	原始实验证据,只读;结论以 CURRENT_STATUS 指针为准
runbooks/world-model-jazzy/stage2d_nightly.sh	56	ACTIVE_REFERENCE	UNVERIFIED	0f46003be891	实验/治理工具脚本
runbooks/world-model-jazzy/stage2e_evidence.txt	40	FROZEN_EVIDENCE	UNVERIFIED	0f46003be891	原始实验证据,只读;结论以 CURRENT_STATUS 指针为准
runbooks/world-model-jazzy/stage2e_thinbridge.sh	55	ACTIVE_REFERENCE	UNVERIFIED	0f46003be891	实验/治理工具脚本
runbooks/world-model-jazzy/stage2f_evidence.txt	32	FROZEN_EVIDENCE	UNVERIFIED	0f46003be891	原始实验证据,只读;结论以 CURRENT_STATUS 指针为准
runbooks/world-model-jazzy/stage2f_full.sh	47	ACTIVE_REFERENCE	UNVERIFIED	0f46003be891	实验/治理工具脚本
runbooks/world-model-jazzy/stage2g_evidence.txt	30	FROZEN_EVIDENCE	UNVERIFIED	0f46003be891	原始实验证据,只读;结论以 CURRENT_STATUS 指针为准
runbooks/world-model-jazzy/stage2g_final.sh	50	ACTIVE_REFERENCE	UNVERIFIED	0f46003be891	实验/治理工具脚本
runbooks/world-model-jazzy/stage2h_diag.sh	45	ACTIVE_REFERENCE	UNVERIFIED	0f46003be891	实验/治理工具脚本
runbooks/world-model-jazzy/stage2h_evidence.txt	22	FROZEN_EVIDENCE	UNVERIFIED	0f46003be891	原始实验证据,只读;结论以 CURRENT_STATUS 指针为准
runbooks/world-model-jazzy/stage2i_evidence.txt	20	FROZEN_EVIDENCE	UNVERIFIED	0f46003be891	原始实验证据,只读;结论以 CURRENT_STATUS 指针为准
runbooks/world-model-jazzy/stage2i_matrix.sh	36	ACTIVE_REFERENCE	UNVERIFIED	0f46003be891	实验/治理工具脚本
runbooks/world-model-jazzy/stage2j_evidence.txt	25	FROZEN_EVIDENCE	UNVERIFIED	0f46003be891	原始实验证据,只读;结论以 CURRENT_STATUS 指针为准
runbooks/world-model-jazzy/stage2j_pass.sh	44	ACTIVE_REFERENCE	UNVERIFIED	0f46003be891	实验/治理工具脚本
runbooks/world-model-jazzy/stage2k_evidence.txt	58	FROZEN_EVIDENCE	UNVERIFIED	0f46003be891	原始实验证据,只读;结论以 CURRENT_STATUS 指针为准
runbooks/world-model-jazzy/stage2k_stability.sh	55	ACTIVE_REFERENCE	UNVERIFIED	0f46003be891	实验/治理工具脚本
runbooks/world-model-jazzy/stage35_3d.sh	62	ACTIVE_REFERENCE	UNVERIFIED	0f46003be891	实验/治理工具脚本
runbooks/world-model-jazzy/stage35_evidence.txt	30	FROZEN_EVIDENCE	UNVERIFIED	0f46003be891	原始实验证据,只读;结论以 CURRENT_STATUS 指针为准
runbooks/world-model-jazzy/stage3_dryrun.sh	50	ACTIVE_REFERENCE	UNVERIFIED	0f46003be891	实验/治理工具脚本
runbooks/world-model-jazzy/stage3_evidence.txt	54	FROZEN_EVIDENCE	UNVERIFIED	0f46003be891	原始实验证据,只读;结论以 CURRENT_STATUS 指针为准
runbooks/world-model-jazzy/stage3d2_diag.sh	53	ACTIVE_REFERENCE	UNVERIFIED	0f46003be891	实验/治理工具脚本
runbooks/world-model-jazzy/stage3d2_evidence.txt	41	FROZEN_EVIDENCE	UNVERIFIED	0f46003be891	原始实验证据,只读;结论以 CURRENT_STATUS 指针为准
runbooks/world-model-jazzy/stage3d_cloudprobe.sh	40	ACTIVE_REFERENCE	UNVERIFIED	0f46003be891	实验/治理工具脚本
runbooks/world-model-jazzy/stage3d_evidence.txt	17	FROZEN_EVIDENCE	UNVERIFIED	0f46003be891	原始实验证据,只读;结论以 CURRENT_STATUS 指针为准
runbooks/world-model-jazzy/stage4a_evidence.txt	42	FROZEN_EVIDENCE	UNVERIFIED	0f46003be891	原始实验证据,只读;结论以 CURRENT_STATUS 指针为准
runbooks/world-model-jazzy/stage4a_fcu.sh	66	ACTIVE_REFERENCE	UNVERIFIED	0f46003be891	实验/治理工具脚本
runbooks/world-model-jazzy/stage4b_evidence.txt	31	FROZEN_EVIDENCE	UNVERIFIED	0f46003be891	原始实验证据,只读;结论以 CURRENT_STATUS 指针为准
runbooks/world-model-jazzy/stage4b_fcu.sh	57	ACTIVE_REFERENCE	UNVERIFIED	0f46003be891	实验/治理工具脚本
runbooks/world-model-jazzy/stage4c_envcheck.sh	28	ACTIVE_REFERENCE	UNVERIFIED	0f46003be891	实验/治理工具脚本
runbooks/world-model-jazzy/stage4c_envcheck2.sh	19	ACTIVE_REFERENCE	UNVERIFIED	0f46003be891	实验/治理工具脚本
runbooks/world-model-jazzy/stage4c_external.sh	133	ACTIVE_REFERENCE	UNVERIFIED	0f46003be891	实验/治理工具脚本
runbooks/world-model-jazzy/stage4c_external_evidence.txt	203	FROZEN_EVIDENCE	UNVERIFIED	0f46003be891	原始实验证据,只读;结论以 CURRENT_STATUS 指针为准
runbooks/world-model-jazzy/stage4c_peek.sh	8	ACTIVE_REFERENCE	UNVERIFIED	0f46003be891	实验/治理工具脚本
runbooks/world-model-jazzy/stage4c_prep.sh	20	ACTIVE_REFERENCE	UNVERIFIED	0f46003be891	实验/治理工具脚本
runbooks/world-model-jazzy/stage4c_tmplview.sh	4	ACTIVE_REFERENCE	UNVERIFIED	0f46003be891	实验/治理工具脚本
runbooks/world-model-jazzy/stage5a_adapterlog.sh	12	ACTIVE_REFERENCE	UNVERIFIED	0f46003be891	实验/治理工具脚本
runbooks/world-model-jazzy/stage5a_binparams.sh	9	ACTIVE_REFERENCE	UNVERIFIED	0f46003be891	实验/治理工具脚本
runbooks/world-model-jazzy/stage5a_clean_commit.sh	41	ACTIVE_REFERENCE	UNVERIFIED	0f46003be891	实验/治理工具脚本
runbooks/world-model-jazzy/stage5a_diagnosis.md	57	FROZEN_EVIDENCE	UNVERIFIED	0f46003be891	原始实验证据,只读;结论以 CURRENT_STATUS 指针为准
runbooks/world-model-jazzy/stage5a_fcuflags.sh	9	ACTIVE_REFERENCE	UNVERIFIED	0f46003be891	实验/治理工具脚本
runbooks/world-model-jazzy/stage5a_fcusrc.sh	8	ACTIVE_REFERENCE	UNVERIFIED	0f46003be891	实验/治理工具脚本
runbooks/world-model-jazzy/stage5a_final_check.sh	8	ACTIVE_REFERENCE	UNVERIFIED	0f46003be891	实验/治理工具脚本
runbooks/world-model-jazzy/stage5a_gate.sh	116	ACTIVE_REFERENCE	UNVERIFIED	0f46003be891	实验/治理工具脚本
runbooks/world-model-jazzy/stage5a_gate_evidence.txt	73	FROZEN_EVIDENCE	UNVERIFIED	0f46003be891	原始实验证据,只读;结论以 CURRENT_STATUS 指针为准
runbooks/world-model-jazzy/stage5a_gate_evidence_run8_20260707T041455.txt	49	FROZEN_EVIDENCE	UNVERIFIED	0f46003be891	原始实验证据,只读;结论以 CURRENT_STATUS 指针为准
runbooks/world-model-jazzy/stage5a_lpp_pub.sh	6	ACTIVE_REFERENCE	UNVERIFIED	0f46003be891	实验/治理工具脚本
runbooks/world-model-jazzy/stage5a_lpp_type.sh	6	ACTIVE_REFERENCE	UNVERIFIED	0f46003be891	实验/治理工具脚本
runbooks/world-model-jazzy/stage5a_parmsrc2.sh	10	ACTIVE_REFERENCE	UNVERIFIED	0f46003be891	实验/治理工具脚本
runbooks/world-model-jazzy/stage5a_parmtrace.sh	18	ACTIVE_REFERENCE	UNVERIFIED	0f46003be891	实验/治理工具脚本
runbooks/world-model-jazzy/stage5a_precheck.sh	23	ACTIVE_REFERENCE	UNVERIFIED	0f46003be891	实验/治理工具脚本
runbooks/world-model-jazzy/stage5a_probesrc.sh	25	ACTIVE_REFERENCE	UNVERIFIED	0f46003be891	实验/治理工具脚本
runbooks/world-model-jazzy/stage5a_run5_forensics.sh	16	ACTIVE_REFERENCE	UNVERIFIED	0f46003be891	实验/治理工具脚本
runbooks/world-model-jazzy/stage5a_yawfix2_apply.sh	29	ACTIVE_REFERENCE	UNVERIFIED	0f46003be891	实验/治理工具脚本
runbooks/world-model-jazzy/stage5a_yawfix3_apply.sh	17	ACTIVE_REFERENCE	UNVERIFIED	0f46003be891	实验/治理工具脚本
runbooks/world-model-jazzy/stage5a_yawfix_apply.sh	32	ACTIVE_REFERENCE	UNVERIFIED	0f46003be891	实验/治理工具脚本
runbooks/world-model-jazzy/stage5b_3d_contrast.sh	101	ACTIVE_REFERENCE	UNVERIFIED	0f46003be891	实验/治理工具脚本
runbooks/world-model-jazzy/stage5b_A_FOV30_evidence.txt	38	FROZEN_EVIDENCE	UNVERIFIED	0f46003be891	原始实验证据,只读;结论以 CURRENT_STATUS 指针为准
runbooks/world-model-jazzy/stage5b_B_FOV5_evidence.txt	43	FROZEN_EVIDENCE	UNVERIFIED	0f46003be891	原始实验证据,只读;结论以 CURRENT_STATUS 指针为准
runbooks/world-model-jazzy/stage5b_evidence.txt	29	FROZEN_EVIDENCE	UNVERIFIED	0f46003be891	原始实验证据,只读;结论以 CURRENT_STATUS 指针为准
runbooks/world-model-jazzy/stage5b_variant.sh	90	ACTIVE_REFERENCE	UNVERIFIED	0f46003be891	实验/治理工具脚本
runbooks/world-model-jazzy/stage5c_final1_evidence.txt	42	FROZEN_EVIDENCE	UNVERIFIED	0f46003be891	原始实验证据,只读;结论以 CURRENT_STATUS 指针为准
runbooks/world-model-jazzy/stage5c_final2_evidence.txt	38	FROZEN_EVIDENCE	UNVERIFIED	0f46003be891	原始实验证据,只读;结论以 CURRENT_STATUS 指针为准
runbooks/world-model-jazzy/stage5c_final3_evidence.txt	31	FROZEN_EVIDENCE	UNVERIFIED	0f46003be891	原始实验证据,只读;结论以 CURRENT_STATUS 指针为准
runbooks/world-model-jazzy/stage5c_final4_evidence.txt	35	FROZEN_EVIDENCE	UNVERIFIED	0f46003be891	原始实验证据,只读;结论以 CURRENT_STATUS 指针为准
runbooks/world-model-jazzy/stage5c_run.sh	71	ACTIVE_REFERENCE	UNVERIFIED	0f46003be891	实验/治理工具脚本
runbooks/world-model-jazzy/stage5c_run1_evidence.txt	29	FROZEN_EVIDENCE	UNVERIFIED	0f46003be891	原始实验证据,只读;结论以 CURRENT_STATUS 指针为准
runbooks/world-model-jazzy/stage5c_run2_evidence.txt	36	FROZEN_EVIDENCE	UNVERIFIED	0f46003be891	原始实验证据,只读;结论以 CURRENT_STATUS 指针为准
runbooks/world-model-jazzy/stage5c_run3_evidence.txt	34	FROZEN_EVIDENCE	UNVERIFIED	0f46003be891	原始实验证据,只读;结论以 CURRENT_STATUS 指针为准
runbooks/world-model-jazzy/stage5c_summary_evidence.txt	45	FROZEN_EVIDENCE	UNVERIFIED	0f46003be891	原始实验证据,只读;结论以 CURRENT_STATUS 指针为准
runbooks/world-model-jazzy/stage5c_v2_summary_evidence.txt	41	FROZEN_EVIDENCE	UNVERIFIED	0f46003be891	原始实验证据,只读;结论以 CURRENT_STATUS 指针为准
runbooks/world-model-jazzy/stage5c_v2run1_evidence.txt	41	FROZEN_EVIDENCE	UNVERIFIED	0f46003be891	原始实验证据,只读;结论以 CURRENT_STATUS 指针为准
runbooks/world-model-jazzy/stage5c_v2run2_evidence.txt	36	FROZEN_EVIDENCE	UNVERIFIED	0f46003be891	原始实验证据,只读;结论以 CURRENT_STATUS 指针为准
runbooks/world-model-jazzy/stage5c_v2run3_evidence.txt	37	FROZEN_EVIDENCE	UNVERIFIED	0f46003be891	原始实验证据,只读;结论以 CURRENT_STATUS 指针为准
runbooks/world-model-jazzy/stage5c_v2run4_evidence.txt	43	FROZEN_EVIDENCE	UNVERIFIED	0f46003be891	原始实验证据,只读;结论以 CURRENT_STATUS 指针为准
runbooks/world-model-jazzy/stage5c_v2run5_evidence.txt	43	FROZEN_EVIDENCE	UNVERIFIED	0f46003be891	原始实验证据,只读;结论以 CURRENT_STATUS 指针为准
runbooks/world-model-jazzy/stage5c_v2run6_evidence.txt	38	FROZEN_EVIDENCE	UNVERIFIED	0f46003be891	原始实验证据,只读;结论以 CURRENT_STATUS 指针为准
runbooks/world-model-jazzy/stage5c_v2run7_evidence.txt	36	FROZEN_EVIDENCE	UNVERIFIED	0f46003be891	原始实验证据,只读;结论以 CURRENT_STATUS 指针为准
runbooks/world-model-jazzy/stage5c_v3run1_evidence.txt	38	FROZEN_EVIDENCE	UNVERIFIED	0f46003be891	原始实验证据,只读;结论以 CURRENT_STATUS 指针为准
runbooks/world-model-jazzy/stage5c_v3run2_evidence.txt	35	FROZEN_EVIDENCE	UNVERIFIED	0f46003be891	原始实验证据,只读;结论以 CURRENT_STATUS 指针为准
runbooks/world-model-jazzy/stage5c_v3run3_evidence.txt	43	FROZEN_EVIDENCE	UNVERIFIED	0f46003be891	原始实验证据,只读;结论以 CURRENT_STATUS 指针为准
runbooks/world-model-jazzy/stage5c_v3run4_evidence.txt	36	FROZEN_EVIDENCE	UNVERIFIED	0f46003be891	原始实验证据,只读;结论以 CURRENT_STATUS 指针为准
runbooks/world-model-jazzy/stage5c_v3run5_evidence.txt	41	FROZEN_EVIDENCE	UNVERIFIED	0f46003be891	原始实验证据,只读;结论以 CURRENT_STATUS 指针为准
runbooks/world-model-jazzy/stage5c_v3run6_evidence.txt	35	FROZEN_EVIDENCE	UNVERIFIED	0f46003be891	原始实验证据,只读;结论以 CURRENT_STATUS 指针为准
runbooks/world-model-jazzy/stage5c_v4run1_evidence.txt	40	FROZEN_EVIDENCE	UNVERIFIED	0f46003be891	原始实验证据,只读;结论以 CURRENT_STATUS 指针为准
runbooks/world-model-jazzy/stage5cal_axis.sh	48	ACTIVE_REFERENCE	UNVERIFIED	0f46003be891	实验/治理工具脚本
runbooks/world-model-jazzy/stage5cal_axis_evidence.txt	27	FROZEN_EVIDENCE	UNVERIFIED	0f46003be891	原始实验证据,只读;结论以 CURRENT_STATUS 指针为准
runbooks/world-model-jazzy/stage5cal_baginspect.sh	12	ACTIVE_REFERENCE	UNVERIFIED	0f46003be891	实验/治理工具脚本
runbooks/world-model-jazzy/stage5cal_bin.sh	17	ACTIVE_REFERENCE	UNVERIFIED	0f46003be891	实验/治理工具脚本
runbooks/world-model-jazzy/stage5cal_bin2.sh	18	ACTIVE_REFERENCE	UNVERIFIED	0f46003be891	实验/治理工具脚本
runbooks/world-model-jazzy/stage5cal_extract.sh	12	ACTIVE_REFERENCE	UNVERIFIED	0f46003be891	实验/治理工具脚本
runbooks/world-model-jazzy/stage5d_clean_commit2.sh	35	ACTIVE_REFERENCE	UNVERIFIED	0f46003be891	实验/治理工具脚本
runbooks/world-model-jazzy/stage5d_probe_timing.sh	9	ACTIVE_REFERENCE	UNVERIFIED	0f46003be891	实验/治理工具脚本
runbooks/world-model-jazzy/stage5d_probe_timing2.sh	13	ACTIVE_REFERENCE	UNVERIFIED	0f46003be891	实验/治理工具脚本
runbooks/world-model-jazzy/stage5d_probe_timing3.sh	14	ACTIVE_REFERENCE	UNVERIFIED	0f46003be891	实验/治理工具脚本
runbooks/world-model-jazzy/stage5d_probe_timing4.sh	21	ACTIVE_REFERENCE	UNVERIFIED	0f46003be891	实验/治理工具脚本
runbooks/world-model-jazzy/stage5d_probefix2_apply.sh	26	ACTIVE_REFERENCE	UNVERIFIED	0f46003be891	实验/治理工具脚本
runbooks/world-model-jazzy/stage5d_probefix3_apply.sh	25	ACTIVE_REFERENCE	UNVERIFIED	0f46003be891	实验/治理工具脚本
runbooks/world-model-jazzy/stage5d_probefix4_apply.sh	33	ACTIVE_REFERENCE	UNVERIFIED	0f46003be891	实验/治理工具脚本
runbooks/world-model-jazzy/stage5d_probefix_apply.sh	27	ACTIVE_REFERENCE	UNVERIFIED	0f46003be891	实验/治理工具脚本
runbooks/world-model-jazzy/stage5d_success_evidence.txt	50	FROZEN_EVIDENCE	UNVERIFIED	0f46003be891	原始实验证据,只读;结论以 CURRENT_STATUS 指针为准
runbooks/world-model-jazzy/stage5e_worldcheck.sh	69	ACTIVE_REFERENCE	UNVERIFIED	0f46003be891	实验/治理工具脚本
runbooks/world-model-jazzy/stage5e_worldcheck_evidence.txt	28	FROZEN_EVIDENCE	UNVERIFIED	0f46003be891	原始实验证据,只读;结论以 CURRENT_STATUS 指针为准
runbooks/world-model-jazzy/stage6_clean_commit.sh	33	ACTIVE_REFERENCE	UNVERIFIED	0f46003be891	实验/治理工具脚本
runbooks/world-model-jazzy/stage6_commit7.sh	29	ACTIVE_REFERENCE	UNVERIFIED	0f46003be891	实验/治理工具脚本
runbooks/world-model-jazzy/stage6_live2.sh	37	ACTIVE_REFERENCE	UNVERIFIED	0f46003be891	实验/治理工具脚本
runbooks/world-model-jazzy/stage6_live_evidence.txt	43	FROZEN_EVIDENCE	UNVERIFIED	0f46003be891	原始实验证据,只读;结论以 CURRENT_STATUS 指针为准
runbooks/world-model-jazzy/stage6_probefix5_apply.sh	49	ACTIVE_REFERENCE	UNVERIFIED	0f46003be891	实验/治理工具脚本
runbooks/world-model-jazzy/stage6_probefix6_apply.sh	29	ACTIVE_REFERENCE	UNVERIFIED	0f46003be891	实验/治理工具脚本
runbooks/world-model-jazzy/stage6_testdiag.sh	4	ACTIVE_REFERENCE	UNVERIFIED	0f46003be891	实验/治理工具脚本
runbooks/world-model-jazzy/stage6_testdiag2.sh	4	ACTIVE_REFERENCE	UNVERIFIED	0f46003be891	实验/治理工具脚本
runbooks/world-model-jazzy/stage6_testdiag3.sh	4	ACTIVE_REFERENCE	UNVERIFIED	0f46003be891	实验/治理工具脚本
runbooks/world-model-jazzy/stage6_testdiag4.sh	4	ACTIVE_REFERENCE	UNVERIFIED	0f46003be891	实验/治理工具脚本
runbooks/world-model-jazzy/stage6_verify3.sh	28	ACTIVE_REFERENCE	UNVERIFIED	0f46003be891	实验/治理工具脚本
runbooks/world-model-jazzy/status_now.sh	30	ACTIVE_REFERENCE	UNVERIFIED	0f46003be891	实验/治理工具脚本
runbooks/world-model-jazzy/sub_latency_probe.py	78	ACTIVE_REFERENCE	UNVERIFIED	0f46003be891	实验/治理工具脚本
runbooks/world-model-jazzy/summary_verdict.py	35	ACTIVE_REFERENCE	UNVERIFIED	0f46003be891	实验/治理工具脚本
runbooks/world-model-jazzy/test_after_slamfix.sh	5	ACTIVE_REFERENCE	UNVERIFIED	0f46003be891	实验/治理工具脚本
runbooks/world-model-jazzy/test_full_after_fixes.sh	10	ACTIVE_REFERENCE	UNVERIFIED	0f46003be891	实验/治理工具脚本
runbooks/world-model-jazzy/tlog_times.sh	31	ACTIVE_REFERENCE	UNVERIFIED	0f46003be891	实验/治理工具脚本
runbooks/world-model-jazzy/verify_9_images.sh	18	ACTIVE_REFERENCE	UNVERIFIED	0f46003be891	实验/治理工具脚本
runbooks/world-model-jazzy/verify_codex.py	81	ACTIVE_REFERENCE	UNVERIFIED	0f46003be891	实验/治理工具脚本
runbooks/world-model-jazzy/verify_jazzy_images.sh	23	ACTIVE_REFERENCE	UNVERIFIED	0f46003be891	实验/治理工具脚本
sources/GBPlanner原始论文_JFR2020_Dang_et_al.pdf	64317	THIRD_PARTY	THIRD_PARTY_UNVERIFIED	0f46003be891	外部快照/文献(组件记录=sources/MANIFEST.yaml;wm 快照未钉 commit、上游无 LICENSE → 不可 LOCKED);禁入构建
sources/MANIFEST.yaml	43	ACTIVE_REFERENCE	UNVERIFIED	0f46003be891	sources 组件锁定记录/内部文档(第一方治理资产)
sources/README.md	15	ACTIVE_REFERENCE	UNVERIFIED	0f46003be891	sources 组件锁定记录/内部文档(第一方治理资产)
sources/mentor原始任务_自主探索决策(GBPlanner算法).md	22	ACTIVE_REFERENCE	UNVERIFIED	0f46003be891	sources 组件锁定记录/内部文档(第一方治理资产)
sources/world-model-源码/README.md	117	THIRD_PARTY	THIRD_PARTY_UNVERIFIED	0f46003be891	外部快照/文献(组件记录=sources/MANIFEST.yaml;wm 快照未钉 commit、上游无 LICENSE → 不可 LOCKED);禁入构建
sources/world-model-源码/compose/docker-compose.yaml	120	THIRD_PARTY	THIRD_PARTY_UNVERIFIED	0f46003be891	外部快照/文献(组件记录=sources/MANIFEST.yaml;wm 快照未钉 commit、上游无 LICENSE → 不可 LOCKED);禁入构建
sources/world-model-源码/contracts/README.md	48	THIRD_PARTY	THIRD_PARTY_UNVERIFIED	0f46003be891	外部快照/文献(组件记录=sources/MANIFEST.yaml;wm 快照未钉 commit、上游无 LICENSE → 不可 LOCKED);禁入构建
sources/world-model-源码/contracts/examples/README.md	16	THIRD_PARTY	THIRD_PARTY_UNVERIFIED	0f46003be891	外部快照/文献(组件记录=sources/MANIFEST.yaml;wm 快照未钉 commit、上游无 LICENSE → 不可 LOCKED);禁入构建
sources/world-model-源码/contracts/examples/orchestration/doctor_result_blocked.json	27	THIRD_PARTY	THIRD_PARTY_UNVERIFIED	0f46003be891	外部快照/文献(组件记录=sources/MANIFEST.yaml;wm 快照未钉 commit、上游无 LICENSE → 不可 LOCKED);禁入构建
sources/world-model-源码/contracts/examples/orchestration/real_task_result.json	47	THIRD_PARTY	THIRD_PARTY_UNVERIFIED	0f46003be891	外部快照/文献(组件记录=sources/MANIFEST.yaml;wm 快照未钉 commit、上游无 LICENSE → 不可 LOCKED);禁入构建
sources/world-model-源码/contracts/examples/orchestration/sim_navigation_summary.json	83	THIRD_PARTY	THIRD_PARTY_UNVERIFIED	0f46003be891	外部快照/文献(组件记录=sources/MANIFEST.yaml;wm 快照未钉 commit、上游无 LICENSE → 不可 LOCKED);禁入构建
sources/world-model-源码/contracts/examples/orchestration/sim_task_request.json	27	THIRD_PARTY	THIRD_PARTY_UNVERIFIED	0f46003be891	外部快照/文献(组件记录=sources/MANIFEST.yaml;wm 快照未钉 commit、上游无 LICENSE → 不可 LOCKED);禁入构建
sources/world-model-源码/contracts/examples/runtime/real_process_event.json	11	THIRD_PARTY	THIRD_PARTY_UNVERIFIED	0f46003be891	外部快照/文献(组件记录=sources/MANIFEST.yaml;wm 快照未钉 commit、上游无 LICENSE → 不可 LOCKED);禁入构建
sources/world-model-源码/contracts/examples/runtime/sim_runtime_plan.json	71	THIRD_PARTY	THIRD_PARTY_UNVERIFIED	0f46003be891	外部快照/文献(组件记录=sources/MANIFEST.yaml;wm 快照未钉 commit、上游无 LICENSE → 不可 LOCKED);禁入构建
sources/world-model-源码/contracts/examples/safety/motor_debug_ack_failed.json	10	THIRD_PARTY	THIRD_PARTY_UNVERIFIED	0f46003be891	外部快照/文献(组件记录=sources/MANIFEST.yaml;wm 快照未钉 commit、上游无 LICENSE → 不可 LOCKED);禁入构建
sources/world-model-源码/contracts/examples/sensors/real_source_evidence.json	20	THIRD_PARTY	THIRD_PARTY_UNVERIFIED	0f46003be891	外部快照/文献(组件记录=sources/MANIFEST.yaml;wm 快照未钉 commit、上游无 LICENSE → 不可 LOCKED);禁入构建
sources/world-model-源码/contracts/gen/go/examples_test.go	40	THIRD_PARTY	THIRD_PARTY_UNVERIFIED	0f46003be891	外部快照/文献(组件记录=sources/MANIFEST.yaml;wm 快照未钉 commit、上游无 LICENSE → 不可 LOCKED);禁入构建
sources/world-model-源码/contracts/gen/go/go.mod	5	THIRD_PARTY	THIRD_PARTY_UNVERIFIED	0f46003be891	外部快照/文献(组件记录=sources/MANIFEST.yaml;wm 快照未钉 commit、上游无 LICENSE → 不可 LOCKED);禁入构建
sources/world-model-源码/contracts/gen/go/go.sum	4	THIRD_PARTY	THIRD_PARTY_UNVERIFIED	0f46003be891	外部快照/文献(组件记录=sources/MANIFEST.yaml;wm 快照未钉 commit、上游无 LICENSE → 不可 LOCKED);禁入构建
sources/world-model-源码/contracts/gen/go/navlab/orchestration/v1/artifact_manifest.pb.go	266	THIRD_PARTY	THIRD_PARTY_UNVERIFIED	0f46003be891	外部快照/文献(组件记录=sources/MANIFEST.yaml;wm 快照未钉 commit、上游无 LICENSE → 不可 LOCKED);禁入构建
sources/world-model-源码/contracts/gen/go/navlab/orchestration/v1/doctor_result.pb.go	386	THIRD_PARTY	THIRD_PARTY_UNVERIFIED	0f46003be891	外部快照/文献(组件记录=sources/MANIFEST.yaml;wm 快照未钉 commit、上游无 LICENSE → 不可 LOCKED);禁入构建
sources/world-model-源码/contracts/gen/go/navlab/orchestration/v1/task_request.pb.go	263	THIRD_PARTY	THIRD_PARTY_UNVERIFIED	0f46003be891	外部快照/文献(组件记录=sources/MANIFEST.yaml;wm 快照未钉 commit、上游无 LICENSE → 不可 LOCKED);禁入构建
sources/world-model-源码/contracts/gen/go/navlab/orchestration/v1/task_result.pb.go	430	THIRD_PARTY	THIRD_PARTY_UNVERIFIED	0f46003be891	外部快照/文献(组件记录=sources/MANIFEST.yaml;wm 快照未钉 commit、上游无 LICENSE → 不可 LOCKED);禁入构建
sources/world-model-源码/contracts/gen/go/navlab/runtime/v1/probe_spec.pb.go	308	THIRD_PARTY	THIRD_PARTY_UNVERIFIED	0f46003be891	外部快照/文献(组件记录=sources/MANIFEST.yaml;wm 快照未钉 commit、上游无 LICENSE → 不可 LOCKED);禁入构建
sources/world-model-源码/contracts/gen/go/navlab/runtime/v1/process_event.pb.go	263	THIRD_PARTY	THIRD_PARTY_UNVERIFIED	0f46003be891	外部快照/文献(组件记录=sources/MANIFEST.yaml;wm 快照未钉 commit、上游无 LICENSE → 不可 LOCKED);禁入构建
sources/world-model-源码/contracts/gen/go/navlab/runtime/v1/runtime_plan.pb.go	175	THIRD_PARTY	THIRD_PARTY_UNVERIFIED	0f46003be891	外部快照/文献(组件记录=sources/MANIFEST.yaml;wm 快照未钉 commit、上游无 LICENSE → 不可 LOCKED);禁入构建
sources/world-model-源码/contracts/gen/go/navlab/runtime/v1/service_spec.pb.go	463	THIRD_PARTY	THIRD_PARTY_UNVERIFIED	0f46003be891	外部快照/文献(组件记录=sources/MANIFEST.yaml;wm 快照未钉 commit、上游无 LICENSE → 不可 LOCKED);禁入构建
sources/world-model-源码/contracts/gen/go/navlab/runtime/v1/task_result.pb.go	499	THIRD_PARTY	THIRD_PARTY_UNVERIFIED	0f46003be891	外部快照/文献(组件记录=sources/MANIFEST.yaml;wm 快照未钉 commit、上游无 LICENSE → 不可 LOCKED);禁入构建
sources/world-model-源码/contracts/gen/go/navlab/safety/v1/command_policy.pb.go	176	THIRD_PARTY	THIRD_PARTY_UNVERIFIED	0f46003be891	外部快照/文献(组件记录=sources/MANIFEST.yaml;wm 快照未钉 commit、上游无 LICENSE → 不可 LOCKED);禁入构建
sources/world-model-源码/contracts/gen/go/navlab/safety/v1/mavlink_ack.pb.go	195	THIRD_PARTY	THIRD_PARTY_UNVERIFIED	0f46003be891	外部快照/文献(组件记录=sources/MANIFEST.yaml;wm 快照未钉 commit、上游无 LICENSE → 不可 LOCKED);禁入构建
sources/world-model-源码/contracts/gen/go/navlab/safety/v1/readiness_gate.pb.go	158	THIRD_PARTY	THIRD_PARTY_UNVERIFIED	0f46003be891	外部快照/文献(组件记录=sources/MANIFEST.yaml;wm 快照未钉 commit、上游无 LICENSE → 不可 LOCKED);禁入构建
sources/world-model-源码/contracts/gen/go/navlab/sensors/v1/frame_contract.pb.go	256	THIRD_PARTY	THIRD_PARTY_UNVERIFIED	0f46003be891	外部快照/文献(组件记录=sources/MANIFEST.yaml;wm 快照未钉 commit、上游无 LICENSE → 不可 LOCKED);禁入构建
sources/world-model-源码/contracts/gen/go/navlab/sensors/v1/source_evidence.pb.go	239	THIRD_PARTY	THIRD_PARTY_UNVERIFIED	0f46003be891	外部快照/文献(组件记录=sources/MANIFEST.yaml;wm 快照未钉 commit、上游无 LICENSE → 不可 LOCKED);禁入构建
sources/world-model-源码/contracts/gen/go/navlab/sensors/v1/topic_contract.pb.go	265	THIRD_PARTY	THIRD_PARTY_UNVERIFIED	0f46003be891	外部快照/文献(组件记录=sources/MANIFEST.yaml;wm 快照未钉 commit、上游无 LICENSE → 不可 LOCKED);禁入构建
sources/world-model-源码/contracts/gen/python/navlab_contracts/__init__.py	1	THIRD_PARTY	THIRD_PARTY_UNVERIFIED	0f46003be891	外部快照/文献(组件记录=sources/MANIFEST.yaml;wm 快照未钉 commit、上游无 LICENSE → 不可 LOCKED);禁入构建
sources/world-model-源码/contracts/gen/python/navlab_contracts/navlab/__init__.py	1	THIRD_PARTY	THIRD_PARTY_UNVERIFIED	0f46003be891	外部快照/文献(组件记录=sources/MANIFEST.yaml;wm 快照未钉 commit、上游无 LICENSE → 不可 LOCKED);禁入构建
sources/world-model-源码/contracts/gen/python/navlab_contracts/navlab/orchestration/__init__.py	0	THIRD_PARTY	THIRD_PARTY_UNVERIFIED	0f46003be891	外部快照/文献(组件记录=sources/MANIFEST.yaml;wm 快照未钉 commit、上游无 LICENSE → 不可 LOCKED);禁入构建
sources/world-model-源码/contracts/gen/python/navlab_contracts/navlab/orchestration/v1/__init__.py	0	THIRD_PARTY	THIRD_PARTY_UNVERIFIED	0f46003be891	外部快照/文献(组件记录=sources/MANIFEST.yaml;wm 快照未钉 commit、上游无 LICENSE → 不可 LOCKED);禁入构建
sources/world-model-源码/contracts/gen/python/navlab_contracts/navlab/orchestration/v1/artifact_manifest_pb2.py	40	THIRD_PARTY	THIRD_PARTY_UNVERIFIED	0f46003be891	外部快照/文献(组件记录=sources/MANIFEST.yaml;wm 快照未钉 commit、上游无 LICENSE → 不可 LOCKED);禁入构建
sources/world-model-源码/contracts/gen/python/navlab_contracts/navlab/orchestration/v1/doctor_result_pb2.py	44	THIRD_PARTY	THIRD_PARTY_UNVERIFIED	0f46003be891	外部快照/文献(组件记录=sources/MANIFEST.yaml;wm 快照未钉 commit、上游无 LICENSE → 不可 LOCKED);禁入构建
sources/world-model-源码/contracts/gen/python/navlab_contracts/navlab/orchestration/v1/task_request_pb2.py	42	THIRD_PARTY	THIRD_PARTY_UNVERIFIED	0f46003be891	外部快照/文献(组件记录=sources/MANIFEST.yaml;wm 快照未钉 commit、上游无 LICENSE → 不可 LOCKED);禁入构建
sources/world-model-源码/contracts/gen/python/navlab_contracts/navlab/orchestration/v1/task_result_pb2.py	45	THIRD_PARTY	THIRD_PARTY_UNVERIFIED	0f46003be891	外部快照/文献(组件记录=sources/MANIFEST.yaml;wm 快照未钉 commit、上游无 LICENSE → 不可 LOCKED);禁入构建
sources/world-model-源码/contracts/gen/python/navlab_contracts/navlab/runtime/__init__.py	0	THIRD_PARTY	THIRD_PARTY_UNVERIFIED	0f46003be891	外部快照/文献(组件记录=sources/MANIFEST.yaml;wm 快照未钉 commit、上游无 LICENSE → 不可 LOCKED);禁入构建
sources/world-model-源码/contracts/gen/python/navlab_contracts/navlab/runtime/v1/__init__.py	0	THIRD_PARTY	THIRD_PARTY_UNVERIFIED	0f46003be891	外部快照/文献(组件记录=sources/MANIFEST.yaml;wm 快照未钉 commit、上游无 LICENSE → 不可 LOCKED);禁入构建
sources/world-model-源码/contracts/gen/python/navlab_contracts/navlab/runtime/v1/probe_spec_pb2.py	44	THIRD_PARTY	THIRD_PARTY_UNVERIFIED	0f46003be891	外部快照/文献(组件记录=sources/MANIFEST.yaml;wm 快照未钉 commit、上游无 LICENSE → 不可 LOCKED);禁入构建
sources/world-model-源码/contracts/gen/python/navlab_contracts/navlab/runtime/v1/process_event_pb2.py	40	THIRD_PARTY	THIRD_PARTY_UNVERIFIED	0f46003be891	外部快照/文献(组件记录=sources/MANIFEST.yaml;wm 快照未钉 commit、上游无 LICENSE → 不可 LOCKED);禁入构建
sources/world-model-源码/contracts/gen/python/navlab_contracts/navlab/runtime/v1/runtime_plan_pb2.py	39	THIRD_PARTY	THIRD_PARTY_UNVERIFIED	0f46003be891	外部快照/文献(组件记录=sources/MANIFEST.yaml;wm 快照未钉 commit、上游无 LICENSE → 不可 LOCKED);禁入构建
sources/world-model-源码/contracts/gen/python/navlab_contracts/navlab/runtime/v1/service_spec_pb2.py	47	THIRD_PARTY	THIRD_PARTY_UNVERIFIED	0f46003be891	外部快照/文献(组件记录=sources/MANIFEST.yaml;wm 快照未钉 commit、上游无 LICENSE → 不可 LOCKED);禁入构建
sources/world-model-源码/contracts/gen/python/navlab_contracts/navlab/runtime/v1/task_result_pb2.py	45	THIRD_PARTY	THIRD_PARTY_UNVERIFIED	0f46003be891	外部快照/文献(组件记录=sources/MANIFEST.yaml;wm 快照未钉 commit、上游无 LICENSE → 不可 LOCKED);禁入构建
sources/world-model-源码/contracts/gen/python/navlab_contracts/navlab/safety/__init__.py	0	THIRD_PARTY	THIRD_PARTY_UNVERIFIED	0f46003be891	外部快照/文献(组件记录=sources/MANIFEST.yaml;wm 快照未钉 commit、上游无 LICENSE → 不可 LOCKED);禁入构建
sources/world-model-源码/contracts/gen/python/navlab_contracts/navlab/safety/v1/__init__.py	0	THIRD_PARTY	THIRD_PARTY_UNVERIFIED	0f46003be891	外部快照/文献(组件记录=sources/MANIFEST.yaml;wm 快照未钉 commit、上游无 LICENSE → 不可 LOCKED);禁入构建
sources/world-model-源码/contracts/gen/python/navlab_contracts/navlab/safety/v1/command_policy_pb2.py	37	THIRD_PARTY	THIRD_PARTY_UNVERIFIED	0f46003be891	外部快照/文献(组件记录=sources/MANIFEST.yaml;wm 快照未钉 commit、上游无 LICENSE → 不可 LOCKED);禁入构建
sources/world-model-源码/contracts/gen/python/navlab_contracts/navlab/safety/v1/mavlink_ack_pb2.py	38	THIRD_PARTY	THIRD_PARTY_UNVERIFIED	0f46003be891	外部快照/文献(组件记录=sources/MANIFEST.yaml;wm 快照未钉 commit、上游无 LICENSE → 不可 LOCKED);禁入构建
sources/world-model-源码/contracts/gen/python/navlab_contracts/navlab/safety/v1/readiness_gate_pb2.py	37	THIRD_PARTY	THIRD_PARTY_UNVERIFIED	0f46003be891	外部快照/文献(组件记录=sources/MANIFEST.yaml;wm 快照未钉 commit、上游无 LICENSE → 不可 LOCKED);禁入构建
sources/world-model-源码/contracts/gen/python/navlab_contracts/navlab/sensors/__init__.py	0	THIRD_PARTY	THIRD_PARTY_UNVERIFIED	0f46003be891	外部快照/文献(组件记录=sources/MANIFEST.yaml;wm 快照未钉 commit、上游无 LICENSE → 不可 LOCKED);禁入构建
sources/world-model-源码/contracts/gen/python/navlab_contracts/navlab/sensors/v1/__init__.py	0	THIRD_PARTY	THIRD_PARTY_UNVERIFIED	0f46003be891	外部快照/文献(组件记录=sources/MANIFEST.yaml;wm 快照未钉 commit、上游无 LICENSE → 不可 LOCKED);禁入构建
sources/world-model-源码/contracts/gen/python/navlab_contracts/navlab/sensors/v1/frame_contract_pb2.py	40	THIRD_PARTY	THIRD_PARTY_UNVERIFIED	0f46003be891	外部快照/文献(组件记录=sources/MANIFEST.yaml;wm 快照未钉 commit、上游无 LICENSE → 不可 LOCKED);禁入构建
sources/world-model-源码/contracts/gen/python/navlab_contracts/navlab/sensors/v1/source_evidence_pb2.py	40	THIRD_PARTY	THIRD_PARTY_UNVERIFIED	0f46003be891	外部快照/文献(组件记录=sources/MANIFEST.yaml;wm 快照未钉 commit、上游无 LICENSE → 不可 LOCKED);禁入构建
sources/world-model-源码/contracts/gen/python/navlab_contracts/navlab/sensors/v1/topic_contract_pb2.py	40	THIRD_PARTY	THIRD_PARTY_UNVERIFIED	0f46003be891	外部快照/文献(组件记录=sources/MANIFEST.yaml;wm 快照未钉 commit、上游无 LICENSE → 不可 LOCKED);禁入构建
sources/world-model-源码/contracts/gen/python/pyproject.toml	6	THIRD_PARTY	THIRD_PARTY_UNVERIFIED	0f46003be891	外部快照/文献(组件记录=sources/MANIFEST.yaml;wm 快照未钉 commit、上游无 LICENSE → 不可 LOCKED);禁入构建
sources/world-model-源码/contracts/gen/python/tests/__init__.py	1	THIRD_PARTY	THIRD_PARTY_UNVERIFIED	0f46003be891	外部快照/文献(组件记录=sources/MANIFEST.yaml;wm 快照未钉 commit、上游无 LICENSE → 不可 LOCKED);禁入构建
sources/world-model-源码/contracts/gen/python/tests/test_generated_contracts.py	53	THIRD_PARTY	THIRD_PARTY_UNVERIFIED	0f46003be891	外部快照/文献(组件记录=sources/MANIFEST.yaml;wm 快照未钉 commit、上游无 LICENSE → 不可 LOCKED);禁入构建
sources/world-model-源码/contracts/gen/rust/Cargo.lock	386	THIRD_PARTY	THIRD_PARTY_UNVERIFIED	0f46003be891	外部快照/文献(组件记录=sources/MANIFEST.yaml;wm 快照未钉 commit、上游无 LICENSE → 不可 LOCKED);禁入构建
sources/world-model-源码/contracts/gen/rust/Cargo.toml	19	THIRD_PARTY	THIRD_PARTY_UNVERIFIED	0f46003be891	外部快照/文献(组件记录=sources/MANIFEST.yaml;wm 快照未钉 commit、上游无 LICENSE → 不可 LOCKED);禁入构建
sources/world-model-源码/contracts/gen/rust/build.rs	39	THIRD_PARTY	THIRD_PARTY_UNVERIFIED	0f46003be891	外部快照/文献(组件记录=sources/MANIFEST.yaml;wm 快照未钉 commit、上游无 LICENSE → 不可 LOCKED);禁入构建
sources/world-model-源码/contracts/gen/rust/src/lib.rs	106	THIRD_PARTY	THIRD_PARTY_UNVERIFIED	0f46003be891	外部快照/文献(组件记录=sources/MANIFEST.yaml;wm 快照未钉 commit、上游无 LICENSE → 不可 LOCKED);禁入构建
sources/world-model-源码/contracts/proto/navlab/orchestration/v1/artifact_manifest.proto	25	THIRD_PARTY	THIRD_PARTY_UNVERIFIED	0f46003be891	外部快照/文献(组件记录=sources/MANIFEST.yaml;wm 快照未钉 commit、上游无 LICENSE → 不可 LOCKED);禁入构建
sources/world-model-源码/contracts/proto/navlab/orchestration/v1/doctor_result.proto	38	THIRD_PARTY	THIRD_PARTY_UNVERIFIED	0f46003be891	外部快照/文献(组件记录=sources/MANIFEST.yaml;wm 快照未钉 commit、上游无 LICENSE → 不可 LOCKED);禁入构建
sources/world-model-源码/contracts/proto/navlab/orchestration/v1/task_request.proto	27	THIRD_PARTY	THIRD_PARTY_UNVERIFIED	0f46003be891	外部快照/文献(组件记录=sources/MANIFEST.yaml;wm 快照未钉 commit、上游无 LICENSE → 不可 LOCKED);禁入构建
sources/world-model-源码/contracts/proto/navlab/orchestration/v1/task_result.proto	46	THIRD_PARTY	THIRD_PARTY_UNVERIFIED	0f46003be891	外部快照/文献(组件记录=sources/MANIFEST.yaml;wm 快照未钉 commit、上游无 LICENSE → 不可 LOCKED);禁入构建
sources/world-model-源码/contracts/proto/navlab/runtime/v1/probe_spec.proto	29	THIRD_PARTY	THIRD_PARTY_UNVERIFIED	0f46003be891	外部快照/文献(组件记录=sources/MANIFEST.yaml;wm 快照未钉 commit、上游无 LICENSE → 不可 LOCKED);禁入构建
sources/world-model-源码/contracts/proto/navlab/runtime/v1/process_event.proto	27	THIRD_PARTY	THIRD_PARTY_UNVERIFIED	0f46003be891	外部快照/文献(组件记录=sources/MANIFEST.yaml;wm 快照未钉 commit、上游无 LICENSE → 不可 LOCKED);禁入构建
sources/world-model-源码/contracts/proto/navlab/runtime/v1/runtime_plan.proto	17	THIRD_PARTY	THIRD_PARTY_UNVERIFIED	0f46003be891	外部快照/文献(组件记录=sources/MANIFEST.yaml;wm 快照未钉 commit、上游无 LICENSE → 不可 LOCKED);禁入构建
sources/world-model-源码/contracts/proto/navlab/runtime/v1/service_spec.proto	43	THIRD_PARTY	THIRD_PARTY_UNVERIFIED	0f46003be891	外部快照/文献(组件记录=sources/MANIFEST.yaml;wm 快照未钉 commit、上游无 LICENSE → 不可 LOCKED);禁入构建
sources/world-model-源码/contracts/proto/navlab/runtime/v1/task_result.proto	57	THIRD_PARTY	THIRD_PARTY_UNVERIFIED	0f46003be891	外部快照/文献(组件记录=sources/MANIFEST.yaml;wm 快照未钉 commit、上游无 LICENSE → 不可 LOCKED);禁入构建
sources/world-model-源码/contracts/proto/navlab/safety/v1/command_policy.proto	15	THIRD_PARTY	THIRD_PARTY_UNVERIFIED	0f46003be891	外部快照/文献(组件记录=sources/MANIFEST.yaml;wm 快照未钉 commit、上游无 LICENSE → 不可 LOCKED);禁入构建
sources/world-model-源码/contracts/proto/navlab/safety/v1/mavlink_ack.proto	18	THIRD_PARTY	THIRD_PARTY_UNVERIFIED	0f46003be891	外部快照/文献(组件记录=sources/MANIFEST.yaml;wm 快照未钉 commit、上游无 LICENSE → 不可 LOCKED);禁入构建
sources/world-model-源码/contracts/proto/navlab/safety/v1/readiness_gate.proto	13	THIRD_PARTY	THIRD_PARTY_UNVERIFIED	0f46003be891	外部快照/文献(组件记录=sources/MANIFEST.yaml;wm 快照未钉 commit、上游无 LICENSE → 不可 LOCKED);禁入构建
sources/world-model-源码/contracts/proto/navlab/sensors/v1/frame_contract.proto	24	THIRD_PARTY	THIRD_PARTY_UNVERIFIED	0f46003be891	外部快照/文献(组件记录=sources/MANIFEST.yaml;wm 快照未钉 commit、上游无 LICENSE → 不可 LOCKED);禁入构建
sources/world-model-源码/contracts/proto/navlab/sensors/v1/source_evidence.proto	23	THIRD_PARTY	THIRD_PARTY_UNVERIFIED	0f46003be891	外部快照/文献(组件记录=sources/MANIFEST.yaml;wm 快照未钉 commit、上游无 LICENSE → 不可 LOCKED);禁入构建
sources/world-model-源码/contracts/proto/navlab/sensors/v1/topic_contract.proto	25	THIRD_PARTY	THIRD_PARTY_UNVERIFIED	0f46003be891	外部快照/文献(组件记录=sources/MANIFEST.yaml;wm 快照未钉 commit、上游无 LICENSE → 不可 LOCKED);禁入构建
sources/world-model-源码/docker/README.md	219	THIRD_PARTY	THIRD_PARTY_UNVERIFIED	0f46003be891	外部快照/文献(组件记录=sources/MANIFEST.yaml;wm 快照未钉 commit、上游无 LICENSE → 不可 LOCKED);禁入构建
sources/world-model-源码/docker/entrypoints/start-fast-lio.sh	21	THIRD_PARTY	THIRD_PARTY_UNVERIFIED	0f46003be891	外部快照/文献(组件记录=sources/MANIFEST.yaml;wm 快照未钉 commit、上游无 LICENSE → 不可 LOCKED);禁入构建
sources/world-model-源码/docker/entrypoints/start-gazebo-sensor.sh	31	THIRD_PARTY	THIRD_PARTY_UNVERIFIED	0f46003be891	外部快照/文献(组件记录=sources/MANIFEST.yaml;wm 快照未钉 commit、上游无 LICENSE → 不可 LOCKED);禁入构建
sources/world-model-源码/docker/entrypoints/start-gazebo.sh	12	THIRD_PARTY	THIRD_PARTY_UNVERIFIED	0f46003be891	外部快照/文献(组件记录=sources/MANIFEST.yaml;wm 快照未钉 commit、上游无 LICENSE → 不可 LOCKED);禁入构建
sources/world-model-源码/docker/entrypoints/start-mavlink-router.sh	71	THIRD_PARTY	THIRD_PARTY_UNVERIFIED	0f46003be891	外部快照/文献(组件记录=sources/MANIFEST.yaml;wm 快照未钉 commit、上游无 LICENSE → 不可 LOCKED);禁入构建
sources/world-model-源码/docker/entrypoints/start-navlab-companion.sh	13	THIRD_PARTY	THIRD_PARTY_UNVERIFIED	0f46003be891	外部快照/文献(组件记录=sources/MANIFEST.yaml;wm 快照未钉 commit、上游无 LICENSE → 不可 LOCKED);禁入构建
sources/world-model-源码/docker/entrypoints/start-sitl.sh	70	THIRD_PARTY	THIRD_PARTY_UNVERIFIED	0f46003be891	外部快照/文献(组件记录=sources/MANIFEST.yaml;wm 快照未钉 commit、上游无 LICENSE → 不可 LOCKED);禁入构建
sources/world-model-源码/docker/images/base/ros-base.Dockerfile	42	THIRD_PARTY	THIRD_PARTY_UNVERIFIED	0f46003be891	外部快照/文献(组件记录=sources/MANIFEST.yaml;wm 快照未钉 commit、上游无 LICENSE → 不可 LOCKED);禁入构建
sources/world-model-源码/docker/images/infra/ardupilot-sitl.Dockerfile	74	THIRD_PARTY	THIRD_PARTY_UNVERIFIED	0f46003be891	外部快照/文献(组件记录=sources/MANIFEST.yaml;wm 快照未钉 commit、上游无 LICENSE → 不可 LOCKED);禁入构建
sources/world-model-源码/docker/images/infra/fast-lio.Dockerfile	58	THIRD_PARTY	THIRD_PARTY_UNVERIFIED	0f46003be891	外部快照/文献(组件记录=sources/MANIFEST.yaml;wm 快照未钉 commit、上游无 LICENSE → 不可 LOCKED);禁入构建
sources/world-model-源码/docker/images/infra/gazebo-headless.Dockerfile	55	THIRD_PARTY	THIRD_PARTY_UNVERIFIED	0f46003be891	外部快照/文献(组件记录=sources/MANIFEST.yaml;wm 快照未钉 commit、上游无 LICENSE → 不可 LOCKED);禁入构建
sources/world-model-源码/docker/images/infra/mavlink-router.Dockerfile	37	THIRD_PARTY	THIRD_PARTY_UNVERIFIED	0f46003be891	外部快照/文献(组件记录=sources/MANIFEST.yaml;wm 快照未钉 commit、上游无 LICENSE → 不可 LOCKED);禁入构建
sources/world-model-源码/docker/images/runtime/companion.Dockerfile	50	THIRD_PARTY	THIRD_PARTY_UNVERIFIED	0f46003be891	外部快照/文献(组件记录=sources/MANIFEST.yaml;wm 快照未钉 commit、上游无 LICENSE → 不可 LOCKED);禁入构建
sources/world-model-源码/docker/images/runtime/gazebo-sensor.Dockerfile	57	THIRD_PARTY	THIRD_PARTY_UNVERIFIED	0f46003be891	外部快照/文献(组件记录=sources/MANIFEST.yaml;wm 快照未钉 commit、上游无 LICENSE → 不可 LOCKED);禁入构建
sources/world-model-源码/docker/images/runtime/official-baseline.Dockerfile	148	THIRD_PARTY	THIRD_PARTY_UNVERIFIED	0f46003be891	外部快照/文献(组件记录=sources/MANIFEST.yaml;wm 快照未钉 commit、上游无 LICENSE → 不可 LOCKED);禁入构建
sources/world-model-源码/docker/images/runtime/sim-python.Dockerfile	29	THIRD_PARTY	THIRD_PARTY_UNVERIFIED	0f46003be891	外部快照/文献(组件记录=sources/MANIFEST.yaml;wm 快照未钉 commit、上游无 LICENSE → 不可 LOCKED);禁入构建
sources/world-model-源码/docker/images/runtime/slam.Dockerfile	26	THIRD_PARTY	THIRD_PARTY_UNVERIFIED	0f46003be891	外部快照/文献(组件记录=sources/MANIFEST.yaml;wm 快照未钉 commit、上游无 LICENSE → 不可 LOCKED);禁入构建
sources/world-model-源码/docker/navlab_models/navlab_iq_quad/model.config	13	THIRD_PARTY	THIRD_PARTY_UNVERIFIED	0f46003be891	外部快照/文献(组件记录=sources/MANIFEST.yaml;wm 快照未钉 commit、上游无 LICENSE → 不可 LOCKED);禁入构建
sources/world-model-源码/docker/navlab_models/navlab_iq_quad/model.sdf	151	THIRD_PARTY	THIRD_PARTY_UNVERIFIED	0f46003be891	外部快照/文献(组件记录=sources/MANIFEST.yaml;wm 快照未钉 commit、上游无 LICENSE → 不可 LOCKED);禁入构建
sources/world-model-源码/docker/profiles/ahrs-set-origin.lua	55	THIRD_PARTY	THIRD_PARTY_UNVERIFIED	0f46003be891	外部快照/文献(组件记录=sources/MANIFEST.yaml;wm 快照未钉 commit、上游无 LICENSE → 不可 LOCKED);禁入构建
sources/world-model-源码/docker/profiles/navlab-exploration-foxglove-lite-topics.txt	46	THIRD_PARTY	THIRD_PARTY_UNVERIFIED	0f46003be891	外部快照/文献(组件记录=sources/MANIFEST.yaml;wm 快照未钉 commit、上游无 LICENSE → 不可 LOCKED);禁入构建
sources/world-model-源码/docker/profiles/navlab-hover-foxglove-lite-topics.txt	52	THIRD_PARTY	THIRD_PARTY_UNVERIFIED	0f46003be891	外部快照/文献(组件记录=sources/MANIFEST.yaml;wm 快照未钉 commit、上游无 LICENSE → 不可 LOCKED);禁入构建
sources/world-model-源码/docker/profiles/navlab-navigation-foxglove-lite-topics.txt	49	THIRD_PARTY	THIRD_PARTY_UNVERIFIED	0f46003be891	外部快照/文献(组件记录=sources/MANIFEST.yaml;wm 快照未钉 commit、上游无 LICENSE → 不可 LOCKED);禁入构建
sources/world-model-源码/docker/profiles/navlab-rosbag-topics.txt	20	THIRD_PARTY	THIRD_PARTY_UNVERIFIED	0f46003be891	外部快照/文献(组件记录=sources/MANIFEST.yaml;wm 快照未钉 commit、上游无 LICENSE → 不可 LOCKED);禁入构建
sources/world-model-源码/docker/profiles/navlab-sitl-external-nav.parm	56	THIRD_PARTY	THIRD_PARTY_UNVERIFIED	0f46003be891	外部快照/文献(组件记录=sources/MANIFEST.yaml;wm 快照未钉 commit、上游无 LICENSE → 不可 LOCKED);禁入构建
sources/world-model-源码/docker/profiles/rosbag-topics.txt	6	THIRD_PARTY	THIRD_PARTY_UNVERIFIED	0f46003be891	外部快照/文献(组件记录=sources/MANIFEST.yaml;wm 快照未钉 commit、上游无 LICENSE → 不可 LOCKED);禁入构建
sources/world-model-源码/docker/profiles/x2-vendor-sim.yaml	23	THIRD_PARTY	THIRD_PARTY_UNVERIFIED	0f46003be891	外部快照/文献(组件记录=sources/MANIFEST.yaml;wm 快照未钉 commit、上游无 LICENSE → 不可 LOCKED);禁入构建
sources/world-model-源码/docker/worlds/empty_headless.sdf	13	THIRD_PARTY	THIRD_PARTY_UNVERIFIED	0f46003be891	外部快照/文献(组件记录=sources/MANIFEST.yaml;wm 快照未钉 commit、上游无 LICENSE → 不可 LOCKED);禁入构建
sources/world-model-源码/docker/worlds/navlab_iq_quad_figure8.sdf	219	THIRD_PARTY	THIRD_PARTY_UNVERIFIED	0f46003be891	外部快照/文献(组件记录=sources/MANIFEST.yaml;wm 快照未钉 commit、上游无 LICENSE → 不可 LOCKED);禁入构建
sources/world-model-源码/docker/worlds/navlab_iq_quad_obstacle.sdf	88	THIRD_PARTY	THIRD_PARTY_UNVERIFIED	0f46003be891	外部快照/文献(组件记录=sources/MANIFEST.yaml;wm 快照未钉 commit、上游无 LICENSE → 不可 LOCKED);禁入构建
sources/world-model-源码/docker/worlds/uav_obstacle_5m.sdf	136	THIRD_PARTY	THIRD_PARTY_UNVERIFIED	0f46003be891	外部快照/文献(组件记录=sources/MANIFEST.yaml;wm 快照未钉 commit、上游无 LICENSE → 不可 LOCKED);禁入构建
sources/world-model-源码/docs/README.md	218	THIRD_PARTY	THIRD_PARTY_UNVERIFIED	0f46003be891	外部快照/文献(组件记录=sources/MANIFEST.yaml;wm 快照未钉 commit、上游无 LICENSE → 不可 LOCKED);禁入构建
sources/world-model-源码/docs/debug.param	1269	THIRD_PARTY	THIRD_PARTY_UNVERIFIED	0f46003be891	外部快照/文献(组件记录=sources/MANIFEST.yaml;wm 快照未钉 commit、上游无 LICENSE → 不可 LOCKED);禁入构建
sources/world-model-源码/docs/decisions.md	2689	THIRD_PARTY	THIRD_PARTY_UNVERIFIED	0f46003be891	外部快照/文献(组件记录=sources/MANIFEST.yaml;wm 快照未钉 commit、上游无 LICENSE → 不可 LOCKED);禁入构建
sources/world-model-源码/docs/foxglove/hover_legacy_display_scene.json	210	THIRD_PARTY	THIRD_PARTY_UNVERIFIED	0f46003be891	外部快照/文献(组件记录=sources/MANIFEST.yaml;wm 快照未钉 commit、上游无 LICENSE → 不可 LOCKED);禁入构建
sources/world-model-源码/docs/foxglove/hover_replay_aligned_scan_scene.json	204	THIRD_PARTY	THIRD_PARTY_UNVERIFIED	0f46003be891	外部快照/文献(组件记录=sources/MANIFEST.yaml;wm 快照未钉 commit、上游无 LICENSE → 不可 LOCKED);禁入构建
sources/world-model-源码/docs/general/contracts_proto_semantic_boundary_design.md	445	THIRD_PARTY	THIRD_PARTY_UNVERIFIED	0f46003be891	外部快照/文献(组件记录=sources/MANIFEST.yaml;wm 快照未钉 commit、上游无 LICENSE → 不可 LOCKED);禁入构建
sources/world-model-源码/docs/general/lab_env_service_refactor_todo.md	311	THIRD_PARTY	THIRD_PARTY_UNVERIFIED	0f46003be891	外部快照/文献(组件记录=sources/MANIFEST.yaml;wm 快照未钉 commit、上游无 LICENSE → 不可 LOCKED);禁入构建
sources/world-model-源码/docs/general/navlab_fsm_schema.md	162	THIRD_PARTY	THIRD_PARTY_UNVERIFIED	0f46003be891	外部快照/文献(组件记录=sources/MANIFEST.yaml;wm 快照未钉 commit、上游无 LICENSE → 不可 LOCKED);禁入构建
sources/world-model-源码/docs/general/navlab_real_sim_package_boundary_design.md	594	THIRD_PARTY	THIRD_PARTY_UNVERIFIED	0f46003be891	外部快照/文献(组件记录=sources/MANIFEST.yaml;wm 快照未钉 commit、上游无 LICENSE → 不可 LOCKED);禁入构建
sources/world-model-源码/docs/general/orchestration_config_precedence_split_design.md	515	THIRD_PARTY	THIRD_PARTY_UNVERIFIED	0f46003be891	外部快照/文献(组件记录=sources/MANIFEST.yaml;wm 快照未钉 commit、上游无 LICENSE → 不可 LOCKED);禁入构建
sources/world-model-源码/docs/general/orchestration_go_sim_rust_real_split_design.md	609	THIRD_PARTY	THIRD_PARTY_UNVERIFIED	0f46003be891	外部快照/文献(组件记录=sources/MANIFEST.yaml;wm 快照未钉 commit、上游无 LICENSE → 不可 LOCKED);禁入构建
sources/world-model-源码/docs/general/orchestration_legacy_helper_deep_split_todo.md	215	THIRD_PARTY	THIRD_PARTY_UNVERIFIED	0f46003be891	外部快照/文献(组件记录=sources/MANIFEST.yaml;wm 快照未钉 commit、上游无 LICENSE → 不可 LOCKED);禁入构建
sources/world-model-源码/docs/general/orchestration_runtime_backend_guide.md	196	THIRD_PARTY	THIRD_PARTY_UNVERIFIED	0f46003be891	外部快照/文献(组件记录=sources/MANIFEST.yaml;wm 快照未钉 commit、上游无 LICENSE → 不可 LOCKED);禁入构建
sources/world-model-源码/docs/general/orchestration_runtime_backend_inventory.md	142	THIRD_PARTY	THIRD_PARTY_UNVERIFIED	0f46003be891	外部快照/文献(组件记录=sources/MANIFEST.yaml;wm 快照未钉 commit、上游无 LICENSE → 不可 LOCKED);禁入构建
sources/world-model-源码/docs/general/orchestration_runtime_backend_refactor_todo.md	408	THIRD_PARTY	THIRD_PARTY_UNVERIFIED	0f46003be891	外部快照/文献(组件记录=sources/MANIFEST.yaml;wm 快照未钉 commit、上游无 LICENSE → 不可 LOCKED);禁入构建
sources/world-model-源码/docs/general/orchestration_runtime_mode_real_vs_sim_design.md	393	THIRD_PARTY	THIRD_PARTY_UNVERIFIED	0f46003be891	外部快照/文献(组件记录=sources/MANIFEST.yaml;wm 快照未钉 commit、上游无 LICENSE → 不可 LOCKED);禁入构建
sources/world-model-源码/docs/general/orchestration_sim_python_parity_audit.md	240	THIRD_PARTY	THIRD_PARTY_UNVERIFIED	0f46003be891	外部快照/文献(组件记录=sources/MANIFEST.yaml;wm 快照未钉 commit、上游无 LICENSE → 不可 LOCKED);禁入构建
sources/world-model-源码/docs/general/orchestration_sim_remaining_migration_design.md	436	THIRD_PARTY	THIRD_PARTY_UNVERIFIED	0f46003be891	外部快照/文献(组件记录=sources/MANIFEST.yaml;wm 快照未钉 commit、上游无 LICENSE → 不可 LOCKED);禁入构建
sources/world-model-源码/docs/general/orchestration_sim_tui_monitor_design.md	430	THIRD_PARTY	THIRD_PARTY_UNVERIFIED	0f46003be891	外部快照/文献(组件记录=sources/MANIFEST.yaml;wm 快照未钉 commit、上游无 LICENSE → 不可 LOCKED);禁入构建
sources/world-model-源码/docs/general/orchestration_workflow_schema.md	251	THIRD_PARTY	THIRD_PARTY_UNVERIFIED	0f46003be891	外部快照/文献(组件记录=sources/MANIFEST.yaml;wm 快照未钉 commit、上游无 LICENSE → 不可 LOCKED);禁入构建
sources/world-model-源码/docs/general/sim_task_parity_differences_audit.md	592	THIRD_PARTY	THIRD_PARTY_UNVERIFIED	0f46003be891	外部快照/文献(组件记录=sources/MANIFEST.yaml;wm 快照未钉 commit、上游无 LICENSE → 不可 LOCKED);禁入构建
sources/world-model-源码/docs/images/hover_replay_aligned_points_proof.svg	1	THIRD_PARTY	THIRD_PARTY_UNVERIFIED	0f46003be891	外部快照/文献(组件记录=sources/MANIFEST.yaml;wm 快照未钉 commit、上游无 LICENSE → 不可 LOCKED);禁入构建
sources/world-model-源码/docs/images/official_maze_topdown.svg	67	THIRD_PARTY	THIRD_PARTY_UNVERIFIED	0f46003be891	外部快照/文献(组件记录=sources/MANIFEST.yaml;wm 快照未钉 commit、上游无 LICENSE → 不可 LOCKED);禁入构建
sources/world-model-源码/docs/notes/hover_external_nav_fail_closed_todo.md	2792	THIRD_PARTY	THIRD_PARTY_UNVERIFIED	0f46003be891	外部快照/文献(组件记录=sources/MANIFEST.yaml;wm 快照未钉 commit、上游无 LICENSE → 不可 LOCKED);禁入构建
sources/world-model-源码/docs/notes/hover_mission_pipeline_refactor_todo.md	1086	THIRD_PARTY	THIRD_PARTY_UNVERIFIED	0f46003be891	外部快照/文献(组件记录=sources/MANIFEST.yaml;wm 快照未钉 commit、上游无 LICENSE → 不可 LOCKED);禁入构建
sources/world-model-源码/docs/notes/hover_xy_stability_design.md	445	THIRD_PARTY	THIRD_PARTY_UNVERIFIED	0f46003be891	外部快照/文献(组件记录=sources/MANIFEST.yaml;wm 快照未钉 commit、上游无 LICENSE → 不可 LOCKED);禁入构建
sources/world-model-源码/docs/notes/real_hover_orchestration_gap_audit.md	759	THIRD_PARTY	THIRD_PARTY_UNVERIFIED	0f46003be891	外部快照/文献(组件记录=sources/MANIFEST.yaml;wm 快照未钉 commit、上游无 LICENSE → 不可 LOCKED);禁入构建
sources/world-model-源码/docs/notes/real_hover_orchestration_gap_todo.md	582	THIRD_PARTY	THIRD_PARTY_UNVERIFIED	0f46003be891	外部快照/文献(组件记录=sources/MANIFEST.yaml;wm 快照未钉 commit、上游无 LICENSE → 不可 LOCKED);禁入构建
sources/world-model-源码/docs/ori.param	1251	THIRD_PARTY	THIRD_PARTY_UNVERIFIED	0f46003be891	外部快照/文献(组件记录=sources/MANIFEST.yaml;wm 快照未钉 commit、上游无 LICENSE → 不可 LOCKED);禁入构建
sources/world-model-源码/docs/param_debug_vs_ori_comparison.md	227	THIRD_PARTY	THIRD_PARTY_UNVERIFIED	0f46003be891	外部快照/文献(组件记录=sources/MANIFEST.yaml;wm 快照未钉 commit、上游无 LICENSE → 不可 LOCKED);禁入构建
sources/world-model-源码/docs/project-map.md	9	THIRD_PARTY	THIRD_PARTY_UNVERIFIED	0f46003be891	外部快照/文献(组件记录=sources/MANIFEST.yaml;wm 快照未钉 commit、上游无 LICENSE → 不可 LOCKED);禁入构建
sources/world-model-源码/docs/requirements/project-index.yaml	1006	THIRD_PARTY	THIRD_PARTY_UNVERIFIED	0f46003be891	外部快照/文献(组件记录=sources/MANIFEST.yaml;wm 快照未钉 commit、上游无 LICENSE → 不可 LOCKED);禁入构建
sources/world-model-源码/docs/scenarios/indoor/navlab_ardupilot_externalnav_reading.md	221	THIRD_PARTY	THIRD_PARTY_UNVERIFIED	0f46003be891	外部快照/文献(组件记录=sources/MANIFEST.yaml;wm 快照未钉 commit、上游无 LICENSE → 不可 LOCKED);禁入构建
sources/world-model-源码/docs/scenarios/indoor/navlab_ardupilot_ros2_official_alignment.md	275	THIRD_PARTY	THIRD_PARTY_UNVERIFIED	0f46003be891	外部快照/文献(组件记录=sources/MANIFEST.yaml;wm 快照未钉 commit、上游无 LICENSE → 不可 LOCKED);禁入构建
sources/world-model-源码/docs/scenarios/indoor/navlab_cartographer_real_machine_tuning.md	123	THIRD_PARTY	THIRD_PARTY_UNVERIFIED	0f46003be891	外部快照/文献(组件记录=sources/MANIFEST.yaml;wm 快照未钉 commit、上游无 LICENSE → 不可 LOCKED);禁入构建
sources/world-model-源码/docs/scenarios/indoor/navlab_master_roadmap.md	531	THIRD_PARTY	THIRD_PARTY_UNVERIFIED	0f46003be891	外部快照/文献(组件记录=sources/MANIFEST.yaml;wm 快照未钉 commit、上游无 LICENSE → 不可 LOCKED);禁入构建
sources/world-model-源码/docs/scenarios/indoor/navlab_p0_official_baseline_design.md	319	THIRD_PARTY	THIRD_PARTY_UNVERIFIED	0f46003be891	外部快照/文献(组件记录=sources/MANIFEST.yaml;wm 快照未钉 commit、上游无 LICENSE → 不可 LOCKED);禁入构建
sources/world-model-源码/docs/scenarios/indoor/navlab_p10_body_fixed_lidar_scan_integrity_design.md	552	THIRD_PARTY	THIRD_PARTY_UNVERIFIED	0f46003be891	外部快照/文献(组件记录=sources/MANIFEST.yaml;wm 快照未钉 commit、上游无 LICENSE → 不可 LOCKED);禁入构建
sources/world-model-源码/docs/scenarios/indoor/navlab_p11_bounded_2d_lidar_scan_stabilization_design.md	674	THIRD_PARTY	THIRD_PARTY_UNVERIFIED	0f46003be891	外部快照/文献(组件记录=sources/MANIFEST.yaml;wm 快照未钉 commit、上游无 LICENSE → 不可 LOCKED);禁入构建
sources/world-model-源码/docs/scenarios/indoor/navlab_p12_airframe_disturbance_scan_robustness_design.md	630	THIRD_PARTY	THIRD_PARTY_UNVERIFIED	0f46003be891	外部快照/文献(组件记录=sources/MANIFEST.yaml;wm 快照未钉 commit、上游无 LICENSE → 不可 LOCKED);禁入构建
sources/world-model-源码/docs/scenarios/indoor/navlab_p13_nav2_indoor_navigation_design.md	705	THIRD_PARTY	THIRD_PARTY_UNVERIFIED	0f46003be891	外部快照/文献(组件记录=sources/MANIFEST.yaml;wm 快照未钉 commit、上游无 LICENSE → 不可 LOCKED);禁入构建
sources/world-model-源码/docs/scenarios/indoor/navlab_p1_official_maze_x2_design.md	199	THIRD_PARTY	THIRD_PARTY_UNVERIFIED	0f46003be891	外部快照/文献(组件记录=sources/MANIFEST.yaml;wm 快照未钉 commit、上游无 LICENSE → 不可 LOCKED);禁入构建
sources/world-model-源码/docs/scenarios/indoor/navlab_p2_rangefinder_imu_design.md	298	THIRD_PARTY	THIRD_PARTY_UNVERIFIED	0f46003be891	外部快照/文献(组件记录=sources/MANIFEST.yaml;wm 快照未钉 commit、上游无 LICENSE → 不可 LOCKED);禁入构建
sources/world-model-源码/docs/scenarios/indoor/navlab_p3_slam_backend_quality_design.md	364	THIRD_PARTY	THIRD_PARTY_UNVERIFIED	0f46003be891	外部快照/文献(组件记录=sources/MANIFEST.yaml;wm 快照未钉 commit、上游无 LICENSE → 不可 LOCKED);禁入构建
sources/world-model-源码/docs/scenarios/indoor/navlab_p4_fcu_state_machine_design.md	544	THIRD_PARTY	THIRD_PARTY_UNVERIFIED	0f46003be891	外部快照/文献(组件记录=sources/MANIFEST.yaml;wm 快照未钉 commit、上游无 LICENSE → 不可 LOCKED);禁入构建
sources/world-model-源码/docs/scenarios/indoor/navlab_p5_frame_contract_design.md	469	THIRD_PARTY	THIRD_PARTY_UNVERIFIED	0f46003be891	外部快照/文献(组件记录=sources/MANIFEST.yaml;wm 快照未钉 commit、上游无 LICENSE → 不可 LOCKED);禁入构建
sources/world-model-源码/docs/scenarios/indoor/navlab_p6_slam_hover_gate_design.md	436	THIRD_PARTY	THIRD_PARTY_UNVERIFIED	0f46003be891	外部快照/文献(组件记录=sources/MANIFEST.yaml;wm 快照未钉 commit、上游无 LICENSE → 不可 LOCKED);禁入构建
sources/world-model-源码/docs/scenarios/indoor/navlab_p7_official_maze_motion_gate_design.md	468	THIRD_PARTY	THIRD_PARTY_UNVERIFIED	0f46003be891	外部快照/文献(组件记录=sources/MANIFEST.yaml;wm 快照未钉 commit、上游无 LICENSE → 不可 LOCKED);禁入构建
sources/world-model-源码/docs/scenarios/indoor/navlab_p8_official_maze_exploration_design.md	461	THIRD_PARTY	THIRD_PARTY_UNVERIFIED	0f46003be891	外部快照/文献(组件记录=sources/MANIFEST.yaml;wm 快照未钉 commit、上游无 LICENSE → 不可 LOCKED);禁入构建
sources/world-model-源码/docs/scenarios/indoor/navlab_p9_official_maze_overlay_replay_design.md	526	THIRD_PARTY	THIRD_PARTY_UNVERIFIED	0f46003be891	外部快照/文献(组件记录=sources/MANIFEST.yaml;wm 快照未钉 commit、上游无 LICENSE → 不可 LOCKED);禁入构建
sources/world-model-源码/docs/scenarios/indoor/navlab_real_flight_preflight_doctor_design.md	580	THIRD_PARTY	THIRD_PARTY_UNVERIFIED	0f46003be891	外部快照/文献(组件记录=sources/MANIFEST.yaml;wm 快照未钉 commit、上游无 LICENSE → 不可 LOCKED);禁入构建
sources/world-model-源码/docs/scenarios/indoor/navlab_real_motor_debug_design.md	281	THIRD_PARTY	THIRD_PARTY_UNVERIFIED	0f46003be891	外部快照/文献(组件记录=sources/MANIFEST.yaml;wm 快照未钉 commit、上游无 LICENSE → 不可 LOCKED);禁入构建
sources/world-model-源码/docs/scenarios/indoor/navlab_real_orchestration_rust_review.md	300	THIRD_PARTY	THIRD_PARTY_UNVERIFIED	0f46003be891	外部快照/文献(组件记录=sources/MANIFEST.yaml;wm 快照未钉 commit、上游无 LICENSE → 不可 LOCKED);禁入构建
sources/world-model-源码/docs/scenarios/indoor/navlab_real_pre_takeoff_development_confirmation.md	318	THIRD_PARTY	THIRD_PARTY_UNVERIFIED	0f46003be891	外部快照/文献(组件记录=sources/MANIFEST.yaml;wm 快照未钉 commit、上游无 LICENSE → 不可 LOCKED);禁入构建
sources/world-model-源码/docs/scenarios/indoor/navlab_real_prepare_and_task_doctor_design.md	461	THIRD_PARTY	THIRD_PARTY_UNVERIFIED	0f46003be891	外部快照/文献(组件记录=sources/MANIFEST.yaml;wm 快照未钉 commit、上游无 LICENSE → 不可 LOCKED);禁入构建
sources/world-model-源码/docs/scenarios/indoor/navlab_reference_projects_analysis.md	366	THIRD_PARTY	THIRD_PARTY_UNVERIFIED	0f46003be891	外部快照/文献(组件记录=sources/MANIFEST.yaml;wm 快照未钉 commit、上游无 LICENSE → 不可 LOCKED);禁入构建
sources/world-model-源码/docs/scenarios/indoor/navlab_unified_landing_sequence_design.md	661	THIRD_PARTY	THIRD_PARTY_UNVERIFIED	0f46003be891	外部快照/文献(组件记录=sources/MANIFEST.yaml;wm 快照未钉 commit、上游无 LICENSE → 不可 LOCKED);禁入构建
sources/world-model-源码/docs/scenarios/indoor/todos/P0_official_baseline_todo.md	305	THIRD_PARTY	THIRD_PARTY_UNVERIFIED	0f46003be891	外部快照/文献(组件记录=sources/MANIFEST.yaml;wm 快照未钉 commit、上游无 LICENSE → 不可 LOCKED);禁入构建
sources/world-model-源码/docs/scenarios/indoor/todos/P10_body_fixed_lidar_scan_integrity_todo.md	299	THIRD_PARTY	THIRD_PARTY_UNVERIFIED	0f46003be891	外部快照/文献(组件记录=sources/MANIFEST.yaml;wm 快照未钉 commit、上游无 LICENSE → 不可 LOCKED);禁入构建
sources/world-model-源码/docs/scenarios/indoor/todos/P11_bounded_2d_lidar_scan_stabilization_todo.md	310	THIRD_PARTY	THIRD_PARTY_UNVERIFIED	0f46003be891	外部快照/文献(组件记录=sources/MANIFEST.yaml;wm 快照未钉 commit、上游无 LICENSE → 不可 LOCKED);禁入构建
sources/world-model-源码/docs/scenarios/indoor/todos/P12_airframe_disturbance_scan_robustness_todo.md	378	THIRD_PARTY	THIRD_PARTY_UNVERIFIED	0f46003be891	外部快照/文献(组件记录=sources/MANIFEST.yaml;wm 快照未钉 commit、上游无 LICENSE → 不可 LOCKED);禁入构建
sources/world-model-源码/docs/scenarios/indoor/todos/P13_nav2_indoor_navigation_todo.md	280	THIRD_PARTY	THIRD_PARTY_UNVERIFIED	0f46003be891	外部快照/文献(组件记录=sources/MANIFEST.yaml;wm 快照未钉 commit、上游无 LICENSE → 不可 LOCKED);禁入构建
sources/world-model-源码/docs/scenarios/indoor/todos/P14_benewake_rangefinder_sitl_todo.md	76	THIRD_PARTY	THIRD_PARTY_UNVERIFIED	0f46003be891	外部快照/文献(组件记录=sources/MANIFEST.yaml;wm 快照未钉 commit、上游无 LICENSE → 不可 LOCKED);禁入构建
sources/world-model-源码/docs/scenarios/indoor/todos/P1_official_maze_x2_todo.md	193	THIRD_PARTY	THIRD_PARTY_UNVERIFIED	0f46003be891	外部快照/文献(组件记录=sources/MANIFEST.yaml;wm 快照未钉 commit、上游无 LICENSE → 不可 LOCKED);禁入构建
sources/world-model-源码/docs/scenarios/indoor/todos/P2_rangefinder_imu_todo.md	247	THIRD_PARTY	THIRD_PARTY_UNVERIFIED	0f46003be891	外部快照/文献(组件记录=sources/MANIFEST.yaml;wm 快照未钉 commit、上游无 LICENSE → 不可 LOCKED);禁入构建
sources/world-model-源码/docs/scenarios/indoor/todos/P3_slam_backend_quality_todo.md	316	THIRD_PARTY	THIRD_PARTY_UNVERIFIED	0f46003be891	外部快照/文献(组件记录=sources/MANIFEST.yaml;wm 快照未钉 commit、上游无 LICENSE → 不可 LOCKED);禁入构建
sources/world-model-源码/docs/scenarios/indoor/todos/P4_fcu_state_machine_todo.md	336	THIRD_PARTY	THIRD_PARTY_UNVERIFIED	0f46003be891	外部快照/文献(组件记录=sources/MANIFEST.yaml;wm 快照未钉 commit、上游无 LICENSE → 不可 LOCKED);禁入构建
sources/world-model-源码/docs/scenarios/indoor/todos/P5_frame_contract_todo.md	380	THIRD_PARTY	THIRD_PARTY_UNVERIFIED	0f46003be891	外部快照/文献(组件记录=sources/MANIFEST.yaml;wm 快照未钉 commit、上游无 LICENSE → 不可 LOCKED);禁入构建
sources/world-model-源码/docs/scenarios/indoor/todos/P6_slam_hover_gate_todo.md	647	THIRD_PARTY	THIRD_PARTY_UNVERIFIED	0f46003be891	外部快照/文献(组件记录=sources/MANIFEST.yaml;wm 快照未钉 commit、上游无 LICENSE → 不可 LOCKED);禁入构建
sources/world-model-源码/docs/scenarios/indoor/todos/P7_official_maze_motion_gate_todo.md	423	THIRD_PARTY	THIRD_PARTY_UNVERIFIED	0f46003be891	外部快照/文献(组件记录=sources/MANIFEST.yaml;wm 快照未钉 commit、上游无 LICENSE → 不可 LOCKED);禁入构建
sources/world-model-源码/docs/scenarios/indoor/todos/P8_official_maze_exploration_todo.md	357	THIRD_PARTY	THIRD_PARTY_UNVERIFIED	0f46003be891	外部快照/文献(组件记录=sources/MANIFEST.yaml;wm 快照未钉 commit、上游无 LICENSE → 不可 LOCKED);禁入构建
sources/world-model-源码/docs/scenarios/indoor/todos/P9_official_maze_overlay_replay_todo.md	383	THIRD_PARTY	THIRD_PARTY_UNVERIFIED	0f46003be891	外部快照/文献(组件记录=sources/MANIFEST.yaml;wm 快照未钉 commit、上游无 LICENSE → 不可 LOCKED);禁入构建
sources/world-model-源码/docs/scenarios/indoor/todos/real_flight_preflight_doctor_todo.md	229	THIRD_PARTY	THIRD_PARTY_UNVERIFIED	0f46003be891	外部快照/文献(组件记录=sources/MANIFEST.yaml;wm 快照未钉 commit、上游无 LICENSE → 不可 LOCKED);禁入构建
sources/world-model-源码/docs/scenarios/indoor/todos/real_prepare_and_task_doctor_todo.md	745	THIRD_PARTY	THIRD_PARTY_UNVERIFIED	0f46003be891	外部快照/文献(组件记录=sources/MANIFEST.yaml;wm 快照未钉 commit、上游无 LICENSE → 不可 LOCKED);禁入构建
sources/world-model-源码/docs/scenarios/indoor/todos/unified_landing_sequence_todo.md	290	THIRD_PARTY	THIRD_PARTY_UNVERIFIED	0f46003be891	外部快照/文献(组件记录=sources/MANIFEST.yaml;wm 快照未钉 commit、上游无 LICENSE → 不可 LOCKED);禁入构建
sources/world-model-源码/docs/sim/README.md	122	THIRD_PARTY	THIRD_PARTY_UNVERIFIED	0f46003be891	外部快照/文献(组件记录=sources/MANIFEST.yaml;wm 快照未钉 commit、上游无 LICENSE → 不可 LOCKED);禁入构建
sources/world-model-源码/docs/sim/examples/blocked_by_stop_guard.yaml	13	THIRD_PARTY	THIRD_PARTY_UNVERIFIED	0f46003be891	外部快照/文献(组件记录=sources/MANIFEST.yaml;wm 快照未钉 commit、上游无 LICENSE → 不可 LOCKED);禁入构建
sources/world-model-源码/docs/sim/examples/straight_line_demo.yaml	13	THIRD_PARTY	THIRD_PARTY_UNVERIFIED	0f46003be891	外部快照/文献(组件记录=sources/MANIFEST.yaml;wm 快照未钉 commit、上游无 LICENSE → 不可 LOCKED);禁入构建
sources/world-model-源码/docs/sim/todo.md	223	THIRD_PARTY	THIRD_PARTY_UNVERIFIED	0f46003be891	外部快照/文献(组件记录=sources/MANIFEST.yaml;wm 快照未钉 commit、上游无 LICENSE → 不可 LOCKED);禁入构建
sources/world-model-源码/docs/sim/x2_lidar_protocol_todo.md	250	THIRD_PARTY	THIRD_PARTY_UNVERIFIED	0f46003be891	外部快照/文献(组件记录=sources/MANIFEST.yaml;wm 快照未钉 commit、上游无 LICENSE → 不可 LOCKED);禁入构建
sources/world-model-源码/docs/sim/x2_lidar_simulation_design.md	339	THIRD_PARTY	THIRD_PARTY_UNVERIFIED	0f46003be891	外部快照/文献(组件记录=sources/MANIFEST.yaml;wm 快照未钉 commit、上游无 LICENSE → 不可 LOCKED);禁入构建
sources/world-model-源码/docs/工作流程.txt	673	THIRD_PARTY	THIRD_PARTY_UNVERIFIED	0f46003be891	外部快照/文献(组件记录=sources/MANIFEST.yaml;wm 快照未钉 commit、上游无 LICENSE → 不可 LOCKED);禁入构建
sources/world-model-源码/justfile	70	THIRD_PARTY	THIRD_PARTY_UNVERIFIED	0f46003be891	外部快照/文献(组件记录=sources/MANIFEST.yaml;wm 快照未钉 commit、上游无 LICENSE → 不可 LOCKED);禁入构建
sources/world-model-源码/navlab/README.md	125	THIRD_PARTY	THIRD_PARTY_UNVERIFIED	0f46003be891	外部快照/文献(组件记录=sources/MANIFEST.yaml;wm 快照未钉 commit、上游无 LICENSE → 不可 LOCKED);禁入构建
sources/world-model-源码/navlab/__init__.py	1	THIRD_PARTY	THIRD_PARTY_UNVERIFIED	0f46003be891	外部快照/文献(组件记录=sources/MANIFEST.yaml;wm 快照未钉 commit、上游无 LICENSE → 不可 LOCKED);禁入构建
sources/world-model-源码/navlab/common/__init__.py	1	THIRD_PARTY	THIRD_PARTY_UNVERIFIED	0f46003be891	外部快照/文献(组件记录=sources/MANIFEST.yaml;wm 快照未钉 commit、上游无 LICENSE → 不可 LOCKED);禁入构建
sources/world-model-源码/navlab/common/companion/__init__.py	5	THIRD_PARTY	THIRD_PARTY_UNVERIFIED	0f46003be891	外部快照/文献(组件记录=sources/MANIFEST.yaml;wm 快照未钉 commit、上游无 LICENSE → 不可 LOCKED);禁入构建
sources/world-model-源码/navlab/common/companion/mission/__init__.py	176	THIRD_PARTY	THIRD_PARTY_UNVERIFIED	0f46003be891	外部快照/文献(组件记录=sources/MANIFEST.yaml;wm 快照未钉 commit、上游无 LICENSE → 不可 LOCKED);禁入构建
sources/world-model-源码/navlab/common/companion/mission/command_adapter.py	92	THIRD_PARTY	THIRD_PARTY_UNVERIFIED	0f46003be891	外部快照/文献(组件记录=sources/MANIFEST.yaml;wm 快照未钉 commit、上游无 LICENSE → 不可 LOCKED);禁入构建
sources/world-model-源码/navlab/common/companion/mission/context.py	235	THIRD_PARTY	THIRD_PARTY_UNVERIFIED	0f46003be891	外部快照/文献(组件记录=sources/MANIFEST.yaml;wm 快照未钉 commit、上游无 LICENSE → 不可 LOCKED);禁入构建
sources/world-model-源码/navlab/common/companion/mission/evidence/__init__.py	71	THIRD_PARTY	THIRD_PARTY_UNVERIFIED	0f46003be891	外部快照/文献(组件记录=sources/MANIFEST.yaml;wm 快照未钉 commit、上游无 LICENSE → 不可 LOCKED);禁入构建
sources/world-model-源码/navlab/common/companion/mission/evidence/hover.py	458	THIRD_PARTY	THIRD_PARTY_UNVERIFIED	0f46003be891	外部快照/文献(组件记录=sources/MANIFEST.yaml;wm 快照未钉 commit、上游无 LICENSE → 不可 LOCKED);禁入构建
sources/world-model-源码/navlab/common/companion/mission/evidence/landing.py	614	THIRD_PARTY	THIRD_PARTY_UNVERIFIED	0f46003be891	外部快照/文献(组件记录=sources/MANIFEST.yaml;wm 快照未钉 commit、上游无 LICENSE → 不可 LOCKED);禁入构建
sources/world-model-源码/navlab/common/companion/mission/evidence/summary.py	459	THIRD_PARTY	THIRD_PARTY_UNVERIFIED	0f46003be891	外部快照/文献(组件记录=sources/MANIFEST.yaml;wm 快照未钉 commit、上游无 LICENSE → 不可 LOCKED);禁入构建
sources/world-model-源码/navlab/common/companion/mission/fsm.py	189	THIRD_PARTY	THIRD_PARTY_UNVERIFIED	0f46003be891	外部快照/文献(组件记录=sources/MANIFEST.yaml;wm 快照未钉 commit、上游无 LICENSE → 不可 LOCKED);禁入构建
sources/world-model-源码/navlab/common/companion/mission/hover_landing.py	323	THIRD_PARTY	THIRD_PARTY_UNVERIFIED	0f46003be891	外部快照/文献(组件记录=sources/MANIFEST.yaml;wm 快照未钉 commit、上游无 LICENSE → 不可 LOCKED);禁入构建
sources/world-model-源码/navlab/common/companion/mission/mavlink_protocol.py	73	THIRD_PARTY	THIRD_PARTY_UNVERIFIED	0f46003be891	外部快照/文献(组件记录=sources/MANIFEST.yaml;wm 快照未钉 commit、上游无 LICENSE → 不可 LOCKED);禁入构建
sources/world-model-源码/navlab/common/companion/mission/pipeline.py	199	THIRD_PARTY	THIRD_PARTY_UNVERIFIED	0f46003be891	外部快照/文献(组件记录=sources/MANIFEST.yaml;wm 快照未钉 commit、上游无 LICENSE → 不可 LOCKED);禁入构建
sources/world-model-源码/navlab/common/companion/mission/policy.py	218	THIRD_PARTY	THIRD_PARTY_UNVERIFIED	0f46003be891	外部快照/文献(组件记录=sources/MANIFEST.yaml;wm 快照未钉 commit、上游无 LICENSE → 不可 LOCKED);禁入构建
sources/world-model-源码/navlab/common/companion/mission/runtime_state.py	709	THIRD_PARTY	THIRD_PARTY_UNVERIFIED	0f46003be891	外部快照/文献(组件记录=sources/MANIFEST.yaml;wm 快照未钉 commit、上游无 LICENSE → 不可 LOCKED);禁入构建
sources/world-model-源码/navlab/common/companion/mission/stages/__init__.py	93	THIRD_PARTY	THIRD_PARTY_UNVERIFIED	0f46003be891	外部快照/文献(组件记录=sources/MANIFEST.yaml;wm 快照未钉 commit、上游无 LICENSE → 不可 LOCKED);禁入构建
sources/world-model-源码/navlab/common/companion/mission/stages/hover.py	703	THIRD_PARTY	THIRD_PARTY_UNVERIFIED	0f46003be891	外部快照/文献(组件记录=sources/MANIFEST.yaml;wm 快照未钉 commit、上游无 LICENSE → 不可 LOCKED);禁入构建
sources/world-model-源码/navlab/common/companion/mission/stages/landing.py	282	THIRD_PARTY	THIRD_PARTY_UNVERIFIED	0f46003be891	外部快照/文献(组件记录=sources/MANIFEST.yaml;wm 快照未钉 commit、上游无 LICENSE → 不可 LOCKED);禁入构建
sources/world-model-源码/navlab/common/companion/mission/stages/prefix.py	197	THIRD_PARTY	THIRD_PARTY_UNVERIFIED	0f46003be891	外部快照/文献(组件记录=sources/MANIFEST.yaml;wm 快照未钉 commit、上游无 LICENSE → 不可 LOCKED);禁入构建
sources/world-model-源码/navlab/common/companion/mission/summary_runtime.py	470	THIRD_PARTY	THIRD_PARTY_UNVERIFIED	0f46003be891	外部快照/文献(组件记录=sources/MANIFEST.yaml;wm 快照未钉 commit、上游无 LICENSE → 不可 LOCKED);禁入构建
sources/world-model-源码/navlab/common/contracts.py	85	THIRD_PARTY	THIRD_PARTY_UNVERIFIED	0f46003be891	外部快照/文献(组件记录=sources/MANIFEST.yaml;wm 快照未钉 commit、上游无 LICENSE → 不可 LOCKED);禁入构建
sources/world-model-源码/navlab/common/interfaces/__init__.py	1	THIRD_PARTY	THIRD_PARTY_UNVERIFIED	0f46003be891	外部快照/文献(组件记录=sources/MANIFEST.yaml;wm 快照未钉 commit、上游无 LICENSE → 不可 LOCKED);禁入构建
sources/world-model-源码/navlab/common/interfaces/ydlidar_interfaces/CMakeLists.txt	20	THIRD_PARTY	THIRD_PARTY_UNVERIFIED	0f46003be891	外部快照/文献(组件记录=sources/MANIFEST.yaml;wm 快照未钉 commit、上游无 LICENSE → 不可 LOCKED);禁入构建
sources/world-model-源码/navlab/common/interfaces/ydlidar_interfaces/msg/ScanFeatures.msg	13	THIRD_PARTY	THIRD_PARTY_UNVERIFIED	0f46003be891	外部快照/文献(组件记录=sources/MANIFEST.yaml;wm 快照未钉 commit、上游无 LICENSE → 不可 LOCKED);禁入构建
sources/world-model-源码/navlab/common/interfaces/ydlidar_interfaces/package.xml	23	THIRD_PARTY	THIRD_PARTY_UNVERIFIED	0f46003be891	外部快照/文献(组件记录=sources/MANIFEST.yaml;wm 快照未钉 commit、上游无 LICENSE → 不可 LOCKED);禁入构建
sources/world-model-源码/navlab/common/logging.py	95	THIRD_PARTY	THIRD_PARTY_UNVERIFIED	0f46003be891	外部快照/文献(组件记录=sources/MANIFEST.yaml;wm 快照未钉 commit、上游无 LICENSE → 不可 LOCKED);禁入构建
sources/world-model-源码/navlab/common/perception/__init__.py	1	THIRD_PARTY	THIRD_PARTY_UNVERIFIED	0f46003be891	外部快照/文献(组件记录=sources/MANIFEST.yaml;wm 快照未钉 commit、上游无 LICENSE → 不可 LOCKED);禁入构建
sources/world-model-源码/navlab/common/perception/contract.py	33	THIRD_PARTY	THIRD_PARTY_UNVERIFIED	0f46003be891	外部快照/文献(组件记录=sources/MANIFEST.yaml;wm 快照未钉 commit、上游无 LICENSE → 不可 LOCKED);禁入构建
sources/world-model-源码/navlab/common/perception/front_sector.py	111	THIRD_PARTY	THIRD_PARTY_UNVERIFIED	0f46003be891	外部快照/文献(组件记录=sources/MANIFEST.yaml;wm 快照未钉 commit、上游无 LICENSE → 不可 LOCKED);禁入构建
sources/world-model-源码/navlab/common/perception/scan_features.py	97	THIRD_PARTY	THIRD_PARTY_UNVERIFIED	0f46003be891	外部快照/文献(组件记录=sources/MANIFEST.yaml;wm 快照未钉 commit、上游无 LICENSE → 不可 LOCKED);禁入构建
sources/world-model-源码/navlab/common/perception/scan_reference_drift.py	691	THIRD_PARTY	THIRD_PARTY_UNVERIFIED	0f46003be891	外部快照/文献(组件记录=sources/MANIFEST.yaml;wm 快照未钉 commit、上游无 LICENSE → 不可 LOCKED);禁入构建
sources/world-model-源码/navlab/common/pose.py	17	THIRD_PARTY	THIRD_PARTY_UNVERIFIED	0f46003be891	外部快照/文献(组件记录=sources/MANIFEST.yaml;wm 快照未钉 commit、上游无 LICENSE → 不可 LOCKED);禁入构建
sources/world-model-源码/navlab/common/process_manager.py	138	THIRD_PARTY	THIRD_PARTY_UNVERIFIED	0f46003be891	外部快照/文献(组件记录=sources/MANIFEST.yaml;wm 快照未钉 commit、上游无 LICENSE → 不可 LOCKED);禁入构建
sources/world-model-源码/navlab/common/rosbag.py	105	THIRD_PARTY	THIRD_PARTY_UNVERIFIED	0f46003be891	外部快照/文献(组件记录=sources/MANIFEST.yaml;wm 快照未钉 commit、上游无 LICENSE → 不可 LOCKED);禁入构建
sources/world-model-源码/navlab/common/slam/__init__.py	1	THIRD_PARTY	THIRD_PARTY_UNVERIFIED	0f46003be891	外部快照/文献(组件记录=sources/MANIFEST.yaml;wm 快照未钉 commit、上游无 LICENSE → 不可 LOCKED);禁入构建
sources/world-model-源码/navlab/common/slam/backends.py	72	THIRD_PARTY	THIRD_PARTY_UNVERIFIED	0f46003be891	外部快照/文献(组件记录=sources/MANIFEST.yaml;wm 快照未钉 commit、上游无 LICENSE → 不可 LOCKED);禁入构建
sources/world-model-源码/navlab/common/slam/cli.py	33	THIRD_PARTY	THIRD_PARTY_UNVERIFIED	0f46003be891	外部快照/文献(组件记录=sources/MANIFEST.yaml;wm 快照未钉 commit、上游无 LICENSE → 不可 LOCKED);禁入构建
sources/world-model-源码/navlab/common/slam/config.py	163	THIRD_PARTY	THIRD_PARTY_UNVERIFIED	0f46003be891	外部快照/文献(组件记录=sources/MANIFEST.yaml;wm 快照未钉 commit、上游无 LICENSE → 不可 LOCKED);禁入构建
sources/world-model-源码/navlab/common/slam/quality_gate.py	86	THIRD_PARTY	THIRD_PARTY_UNVERIFIED	0f46003be891	外部快照/文献(组件记录=sources/MANIFEST.yaml;wm 快照未钉 commit、上游无 LICENSE → 不可 LOCKED);禁入构建
sources/world-model-源码/navlab/common/slam/ros/bridges/navlab_external_nav_bridge/CMakeLists.txt	39	THIRD_PARTY	THIRD_PARTY_UNVERIFIED	0f46003be891	外部快照/文献(组件记录=sources/MANIFEST.yaml;wm 快照未钉 commit、上游无 LICENSE → 不可 LOCKED);禁入构建
sources/world-model-源码/navlab/common/slam/ros/bridges/navlab_external_nav_bridge/README.md	18	THIRD_PARTY	THIRD_PARTY_UNVERIFIED	0f46003be891	外部快照/文献(组件记录=sources/MANIFEST.yaml;wm 快照未钉 commit、上游无 LICENSE → 不可 LOCKED);禁入构建
sources/world-model-源码/navlab/common/slam/ros/bridges/navlab_external_nav_bridge/config/.gitkeep	1	THIRD_PARTY	THIRD_PARTY_UNVERIFIED	0f46003be891	外部快照/文献(组件记录=sources/MANIFEST.yaml;wm 快照未钉 commit、上游无 LICENSE → 不可 LOCKED);禁入构建
sources/world-model-源码/navlab/common/slam/ros/bridges/navlab_external_nav_bridge/config/navlab_external_nav_bridge.params.yaml	40	THIRD_PARTY	THIRD_PARTY_UNVERIFIED	0f46003be891	外部快照/文献(组件记录=sources/MANIFEST.yaml;wm 快照未钉 commit、上游无 LICENSE → 不可 LOCKED);禁入构建
sources/world-model-源码/navlab/common/slam/ros/bridges/navlab_external_nav_bridge/launch/.gitkeep	1	THIRD_PARTY	THIRD_PARTY_UNVERIFIED	0f46003be891	外部快照/文献(组件记录=sources/MANIFEST.yaml;wm 快照未钉 commit、上游无 LICENSE → 不可 LOCKED);禁入构建
sources/world-model-源码/navlab/common/slam/ros/bridges/navlab_external_nav_bridge/package.xml	25	THIRD_PARTY	THIRD_PARTY_UNVERIFIED	0f46003be891	外部快照/文献(组件记录=sources/MANIFEST.yaml;wm 快照未钉 commit、上游无 LICENSE → 不可 LOCKED);禁入构建
sources/world-model-源码/navlab/common/slam/ros/bridges/navlab_external_nav_bridge/src/navlab_external_nav_bridge_node.cpp	788	THIRD_PARTY	THIRD_PARTY_UNVERIFIED	0f46003be891	外部快照/文献(组件记录=sources/MANIFEST.yaml;wm 快照未钉 commit、上游无 LICENSE → 不可 LOCKED);禁入构建
sources/world-model-源码/navlab/common/slam/ros/localization/navlab_cartographer_adapter/CMakeLists.txt	39	THIRD_PARTY	THIRD_PARTY_UNVERIFIED	0f46003be891	外部快照/文献(组件记录=sources/MANIFEST.yaml;wm 快照未钉 commit、上游无 LICENSE → 不可 LOCKED);禁入构建
sources/world-model-源码/navlab/common/slam/ros/localization/navlab_cartographer_adapter/README.md	51	THIRD_PARTY	THIRD_PARTY_UNVERIFIED	0f46003be891	外部快照/文献(组件记录=sources/MANIFEST.yaml;wm 快照未钉 commit、上游无 LICENSE → 不可 LOCKED);禁入构建
sources/world-model-源码/navlab/common/slam/ros/localization/navlab_cartographer_adapter/config/.gitkeep	1	THIRD_PARTY	THIRD_PARTY_UNVERIFIED	0f46003be891	外部快照/文献(组件记录=sources/MANIFEST.yaml;wm 快照未钉 commit、上游无 LICENSE → 不可 LOCKED);禁入构建
sources/world-model-源码/navlab/common/slam/ros/localization/navlab_cartographer_adapter/config/navlab_cartographer_2d_diagnostic_odom.lua	63	THIRD_PARTY	THIRD_PARTY_UNVERIFIED	0f46003be891	外部快照/文献(组件记录=sources/MANIFEST.yaml;wm 快照未钉 commit、上游无 LICENSE → 不可 LOCKED);禁入构建
sources/world-model-源码/navlab/common/slam/ros/localization/navlab_cartographer_adapter/config/navlab_cartographer_2d_hover.lua	74	THIRD_PARTY	THIRD_PARTY_UNVERIFIED	0f46003be891	外部快照/文献(组件记录=sources/MANIFEST.yaml;wm 快照未钉 commit、上游无 LICENSE → 不可 LOCKED);禁入构建
sources/world-model-源码/navlab/common/slam/ros/localization/navlab_cartographer_adapter/config/navlab_cartographer_2d_hover_no_odom_prior.lua	71	THIRD_PARTY	THIRD_PARTY_UNVERIFIED	0f46003be891	外部快照/文献(组件记录=sources/MANIFEST.yaml;wm 快照未钉 commit、上游无 LICENSE → 不可 LOCKED);禁入构建
sources/world-model-源码/navlab/common/slam/ros/localization/navlab_cartographer_adapter/config/navlab_cartographer_2d_real.lua	55	THIRD_PARTY	THIRD_PARTY_UNVERIFIED	0f46003be891	外部快照/文献(组件记录=sources/MANIFEST.yaml;wm 快照未钉 commit、上游无 LICENSE → 不可 LOCKED);禁入构建
sources/world-model-源码/navlab/common/slam/ros/localization/navlab_cartographer_adapter/config/navlab_cartographer_adapter.params.yaml	22	THIRD_PARTY	THIRD_PARTY_UNVERIFIED	0f46003be891	外部快照/文献(组件记录=sources/MANIFEST.yaml;wm 快照未钉 commit、上游无 LICENSE → 不可 LOCKED);禁入构建
sources/world-model-源码/navlab/common/slam/ros/localization/navlab_cartographer_adapter/launch/.gitkeep	1	THIRD_PARTY	THIRD_PARTY_UNVERIFIED	0f46003be891	外部快照/文献(组件记录=sources/MANIFEST.yaml;wm 快照未钉 commit、上游无 LICENSE → 不可 LOCKED);禁入构建
sources/world-model-源码/navlab/common/slam/ros/localization/navlab_cartographer_adapter/launch/navlab_cartographer_adapter.launch.py	237	THIRD_PARTY	THIRD_PARTY_UNVERIFIED	0f46003be891	外部快照/文献(组件记录=sources/MANIFEST.yaml;wm 快照未钉 commit、上游无 LICENSE → 不可 LOCKED);禁入构建
sources/world-model-源码/navlab/common/slam/ros/localization/navlab_cartographer_adapter/package.xml	25	THIRD_PARTY	THIRD_PARTY_UNVERIFIED	0f46003be891	外部快照/文献(组件记录=sources/MANIFEST.yaml;wm 快照未钉 commit、上游无 LICENSE → 不可 LOCKED);禁入构建
sources/world-model-源码/navlab/common/slam/ros/localization/navlab_cartographer_adapter/src/navlab_cartographer_adapter_node.cpp	499	THIRD_PARTY	THIRD_PARTY_UNVERIFIED	0f46003be891	外部快照/文献(组件记录=sources/MANIFEST.yaml;wm 快照未钉 commit、上游无 LICENSE → 不可 LOCKED);禁入构建
sources/world-model-源码/navlab/common/slam/ros/localization/navlab_fake_odom/CMakeLists.txt	33	THIRD_PARTY	THIRD_PARTY_UNVERIFIED	0f46003be891	外部快照/文献(组件记录=sources/MANIFEST.yaml;wm 快照未钉 commit、上游无 LICENSE → 不可 LOCKED);禁入构建
sources/world-model-源码/navlab/common/slam/ros/localization/navlab_fake_odom/README.md	13	THIRD_PARTY	THIRD_PARTY_UNVERIFIED	0f46003be891	外部快照/文献(组件记录=sources/MANIFEST.yaml;wm 快照未钉 commit、上游无 LICENSE → 不可 LOCKED);禁入构建
sources/world-model-源码/navlab/common/slam/ros/localization/navlab_fake_odom/config/navlab_fake_odom.params.yaml	18	THIRD_PARTY	THIRD_PARTY_UNVERIFIED	0f46003be891	外部快照/文献(组件记录=sources/MANIFEST.yaml;wm 快照未钉 commit、上游无 LICENSE → 不可 LOCKED);禁入构建
sources/world-model-源码/navlab/common/slam/ros/localization/navlab_fake_odom/launch/navlab_fake_odom.launch.py	37	THIRD_PARTY	THIRD_PARTY_UNVERIFIED	0f46003be891	外部快照/文献(组件记录=sources/MANIFEST.yaml;wm 快照未钉 commit、上游无 LICENSE → 不可 LOCKED);禁入构建
sources/world-model-源码/navlab/common/slam/ros/localization/navlab_fake_odom/package.xml	22	THIRD_PARTY	THIRD_PARTY_UNVERIFIED	0f46003be891	外部快照/文献(组件记录=sources/MANIFEST.yaml;wm 快照未钉 commit、上游无 LICENSE → 不可 LOCKED);禁入构建
sources/world-model-源码/navlab/common/slam/ros/localization/navlab_fake_odom/src/navlab_fake_odom_node.cpp	149	THIRD_PARTY	THIRD_PARTY_UNVERIFIED	0f46003be891	外部快照/文献(组件记录=sources/MANIFEST.yaml;wm 快照未钉 commit、上游无 LICENSE → 不可 LOCKED);禁入构建
sources/world-model-源码/navlab/common/slam/ros/scenarios/navlab_slam_bringup/CMakeLists.txt	10	THIRD_PARTY	THIRD_PARTY_UNVERIFIED	0f46003be891	外部快照/文献(组件记录=sources/MANIFEST.yaml;wm 快照未钉 commit、上游无 LICENSE → 不可 LOCKED);禁入构建
sources/world-model-源码/navlab/common/slam/ros/scenarios/navlab_slam_bringup/README.md	26	THIRD_PARTY	THIRD_PARTY_UNVERIFIED	0f46003be891	外部快照/文献(组件记录=sources/MANIFEST.yaml;wm 快照未钉 commit、上游无 LICENSE → 不可 LOCKED);禁入构建
sources/world-model-源码/navlab/common/slam/ros/scenarios/navlab_slam_bringup/config/.gitkeep	1	THIRD_PARTY	THIRD_PARTY_UNVERIFIED	0f46003be891	外部快照/文献(组件记录=sources/MANIFEST.yaml;wm 快照未钉 commit、上游无 LICENSE → 不可 LOCKED);禁入构建
sources/world-model-源码/navlab/common/slam/ros/scenarios/navlab_slam_bringup/launch/navlab_slam_bringup.launch.py	376	THIRD_PARTY	THIRD_PARTY_UNVERIFIED	0f46003be891	外部快照/文献(组件记录=sources/MANIFEST.yaml;wm 快照未钉 commit、上游无 LICENSE → 不可 LOCKED);禁入构建
sources/world-model-源码/navlab/common/slam/ros/scenarios/navlab_slam_bringup/package.xml	23	THIRD_PARTY	THIRD_PARTY_UNVERIFIED	0f46003be891	外部快照/文献(组件记录=sources/MANIFEST.yaml;wm 快照未钉 commit、上游无 LICENSE → 不可 LOCKED);禁入构建
sources/world-model-源码/navlab/common/slam/ros/sensors/navlab_slam_imu_bridge/CMakeLists.txt	48	THIRD_PARTY	THIRD_PARTY_UNVERIFIED	0f46003be891	外部快照/文献(组件记录=sources/MANIFEST.yaml;wm 快照未钉 commit、上游无 LICENSE → 不可 LOCKED);禁入构建
sources/world-model-源码/navlab/common/slam/ros/sensors/navlab_slam_imu_bridge/README.md	19	THIRD_PARTY	THIRD_PARTY_UNVERIFIED	0f46003be891	外部快照/文献(组件记录=sources/MANIFEST.yaml;wm 快照未钉 commit、上游无 LICENSE → 不可 LOCKED);禁入构建
sources/world-model-源码/navlab/common/slam/ros/sensors/navlab_slam_imu_bridge/config/.gitkeep	1	THIRD_PARTY	THIRD_PARTY_UNVERIFIED	0f46003be891	外部快照/文献(组件记录=sources/MANIFEST.yaml;wm 快照未钉 commit、上游无 LICENSE → 不可 LOCKED);禁入构建
sources/world-model-源码/navlab/common/slam/ros/sensors/navlab_slam_imu_bridge/config/navlab_slam_imu_bridge.params.yaml	14	THIRD_PARTY	THIRD_PARTY_UNVERIFIED	0f46003be891	外部快照/文献(组件记录=sources/MANIFEST.yaml;wm 快照未钉 commit、上游无 LICENSE → 不可 LOCKED);禁入构建
sources/world-model-源码/navlab/common/slam/ros/sensors/navlab_slam_imu_bridge/include/navlab_slam_imu_bridge/timestamp.hpp	17	THIRD_PARTY	THIRD_PARTY_UNVERIFIED	0f46003be891	外部快照/文献(组件记录=sources/MANIFEST.yaml;wm 快照未钉 commit、上游无 LICENSE → 不可 LOCKED);禁入构建
sources/world-model-源码/navlab/common/slam/ros/sensors/navlab_slam_imu_bridge/launch/.gitkeep	1	THIRD_PARTY	THIRD_PARTY_UNVERIFIED	0f46003be891	外部快照/文献(组件记录=sources/MANIFEST.yaml;wm 快照未钉 commit、上游无 LICENSE → 不可 LOCKED);禁入构建
sources/world-model-源码/navlab/common/slam/ros/sensors/navlab_slam_imu_bridge/package.xml	23	THIRD_PARTY	THIRD_PARTY_UNVERIFIED	0f46003be891	外部快照/文献(组件记录=sources/MANIFEST.yaml;wm 快照未钉 commit、上游无 LICENSE → 不可 LOCKED);禁入构建
sources/world-model-源码/navlab/common/slam/ros/sensors/navlab_slam_imu_bridge/src/navlab_slam_imu_bridge_node.cpp	306	THIRD_PARTY	THIRD_PARTY_UNVERIFIED	0f46003be891	外部快照/文献(组件记录=sources/MANIFEST.yaml;wm 快照未钉 commit、上游无 LICENSE → 不可 LOCKED);禁入构建
sources/world-model-源码/navlab/common/slam/ros/sensors/navlab_slam_imu_bridge/test/imu_timestamp_test.cpp	21	THIRD_PARTY	THIRD_PARTY_UNVERIFIED	0f46003be891	外部快照/文献(组件记录=sources/MANIFEST.yaml;wm 快照未钉 commit、上游无 LICENSE → 不可 LOCKED);禁入构建
sources/world-model-源码/navlab/common/slam/runtime.py	26	THIRD_PARTY	THIRD_PARTY_UNVERIFIED	0f46003be891	外部快照/文献(组件记录=sources/MANIFEST.yaml;wm 快照未钉 commit、上游无 LICENSE → 不可 LOCKED);禁入构建
sources/world-model-源码/navlab/common/toml_values.py	133	THIRD_PARTY	THIRD_PARTY_UNVERIFIED	0f46003be891	外部快照/文献(组件记录=sources/MANIFEST.yaml;wm 快照未钉 commit、上游无 LICENSE → 不可 LOCKED);禁入构建
sources/world-model-源码/navlab/config.toml	230	THIRD_PARTY	THIRD_PARTY_UNVERIFIED	0f46003be891	外部快照/文献(组件记录=sources/MANIFEST.yaml;wm 快照未钉 commit、上游无 LICENSE → 不可 LOCKED);禁入构建
sources/world-model-源码/navlab/pyproject.toml	21	THIRD_PARTY	THIRD_PARTY_UNVERIFIED	0f46003be891	外部快照/文献(组件记录=sources/MANIFEST.yaml;wm 快照未钉 commit、上游无 LICENSE → 不可 LOCKED);禁入构建
sources/world-model-源码/navlab/real/__init__.py	5	THIRD_PARTY	THIRD_PARTY_UNVERIFIED	0f46003be891	外部快照/文献(组件记录=sources/MANIFEST.yaml;wm 快照未钉 commit、上游无 LICENSE → 不可 LOCKED);禁入构建
sources/world-model-源码/navlab/real/common/__init__.py	1	THIRD_PARTY	THIRD_PARTY_UNVERIFIED	0f46003be891	外部快照/文献(组件记录=sources/MANIFEST.yaml;wm 快照未钉 commit、上游无 LICENSE → 不可 LOCKED);禁入构建
sources/world-model-源码/navlab/real/common/fcu_status.py	124	THIRD_PARTY	THIRD_PARTY_UNVERIFIED	0f46003be891	外部快照/文献(组件记录=sources/MANIFEST.yaml;wm 快照未钉 commit、上游无 LICENSE → 不可 LOCKED);禁入构建
sources/world-model-源码/navlab/real/companion/__init__.py	1	THIRD_PARTY	THIRD_PARTY_UNVERIFIED	0f46003be891	外部快照/文献(组件记录=sources/MANIFEST.yaml;wm 快照未钉 commit、上游无 LICENSE → 不可 LOCKED);禁入构建
sources/world-model-源码/navlab/real/companion/nodes/__init__.py	1	THIRD_PARTY	THIRD_PARTY_UNVERIFIED	0f46003be891	外部快照/文献(组件记录=sources/MANIFEST.yaml;wm 快照未钉 commit、上游无 LICENSE → 不可 LOCKED);禁入构建
sources/world-model-源码/navlab/real/companion/nodes/external_nav.py	556	THIRD_PARTY	THIRD_PARTY_UNVERIFIED	0f46003be891	外部快照/文献(组件记录=sources/MANIFEST.yaml;wm 快照未钉 commit、上游无 LICENSE → 不可 LOCKED);禁入构建
sources/world-model-源码/navlab/real/companion/nodes/height_estimator.py	193	THIRD_PARTY	THIRD_PARTY_UNVERIFIED	0f46003be891	外部快照/文献(组件记录=sources/MANIFEST.yaml;wm 快照未钉 commit、上游无 LICENSE → 不可 LOCKED);禁入构建
sources/world-model-源码/navlab/real/companion/nodes/imu_bridge.py	318	THIRD_PARTY	THIRD_PARTY_UNVERIFIED	0f46003be891	外部快照/文献(组件记录=sources/MANIFEST.yaml;wm 快照未钉 commit、上游无 LICENSE → 不可 LOCKED);禁入构建
sources/world-model-源码/navlab/real/companion/nodes/mavlink_bridge.py	175	THIRD_PARTY	THIRD_PARTY_UNVERIFIED	0f46003be891	外部快照/文献(组件记录=sources/MANIFEST.yaml;wm 快照未钉 commit、上游无 LICENSE → 不可 LOCKED);禁入构建
sources/world-model-源码/navlab/real/companion/nodes/motor_debug.py	378	THIRD_PARTY	THIRD_PARTY_UNVERIFIED	0f46003be891	外部快照/文献(组件记录=sources/MANIFEST.yaml;wm 快照未钉 commit、上游无 LICENSE → 不可 LOCKED);禁入构建
sources/world-model-源码/navlab/real/companion/nodes/pose_mirror.py	1005	THIRD_PARTY	THIRD_PARTY_UNVERIFIED	0f46003be891	外部快照/文献(组件记录=sources/MANIFEST.yaml;wm 快照未钉 commit、上游无 LICENSE → 不可 LOCKED);禁入构建
sources/world-model-源码/navlab/real/companion/nodes/rangefinder_bridge.py	235	THIRD_PARTY	THIRD_PARTY_UNVERIFIED	0f46003be891	外部快照/文献(组件记录=sources/MANIFEST.yaml;wm 快照未钉 commit、上游无 LICENSE → 不可 LOCKED);禁入构建
sources/world-model-源码/navlab/real/companion/nodes/ydlidar_x2_scan.py	181	THIRD_PARTY	THIRD_PARTY_UNVERIFIED	0f46003be891	外部快照/文献(组件记录=sources/MANIFEST.yaml;wm 快照未钉 commit、上游无 LICENSE → 不可 LOCKED);禁入构建
sources/world-model-源码/navlab/sim/__init__.py	4	THIRD_PARTY	THIRD_PARTY_UNVERIFIED	0f46003be891	外部快照/文献(组件记录=sources/MANIFEST.yaml;wm 快照未钉 commit、上游无 LICENSE → 不可 LOCKED);禁入构建
sources/world-model-源码/navlab/sim/common/__init__.py	1	THIRD_PARTY	THIRD_PARTY_UNVERIFIED	0f46003be891	外部快照/文献(组件记录=sources/MANIFEST.yaml;wm 快照未钉 commit、上游无 LICENSE → 不可 LOCKED);禁入构建
sources/world-model-源码/navlab/sim/companion/__init__.py	1	THIRD_PARTY	THIRD_PARTY_UNVERIFIED	0f46003be891	外部快照/文献(组件记录=sources/MANIFEST.yaml;wm 快照未钉 commit、上游无 LICENSE → 不可 LOCKED);禁入构建
sources/world-model-源码/navlab/sim/companion/mission/__init__.py	52	THIRD_PARTY	THIRD_PARTY_UNVERIFIED	0f46003be891	外部快照/文献(组件记录=sources/MANIFEST.yaml;wm 快照未钉 commit、上游无 LICENSE → 不可 LOCKED);禁入构建
sources/world-model-源码/navlab/sim/companion/mission/command_adapter.py	5	THIRD_PARTY	THIRD_PARTY_UNVERIFIED	0f46003be891	外部快照/文献(组件记录=sources/MANIFEST.yaml;wm 快照未钉 commit、上游无 LICENSE → 不可 LOCKED);禁入构建
sources/world-model-源码/navlab/sim/companion/mission/context.py	5	THIRD_PARTY	THIRD_PARTY_UNVERIFIED	0f46003be891	外部快照/文献(组件记录=sources/MANIFEST.yaml;wm 快照未钉 commit、上游无 LICENSE → 不可 LOCKED);禁入构建
sources/world-model-源码/navlab/sim/companion/mission/evidence/__init__.py	5	THIRD_PARTY	THIRD_PARTY_UNVERIFIED	0f46003be891	外部快照/文献(组件记录=sources/MANIFEST.yaml;wm 快照未钉 commit、上游无 LICENSE → 不可 LOCKED);禁入构建
sources/world-model-源码/navlab/sim/companion/mission/evidence/hover.py	5	THIRD_PARTY	THIRD_PARTY_UNVERIFIED	0f46003be891	外部快照/文献(组件记录=sources/MANIFEST.yaml;wm 快照未钉 commit、上游无 LICENSE → 不可 LOCKED);禁入构建
sources/world-model-源码/navlab/sim/companion/mission/evidence/landing.py	5	THIRD_PARTY	THIRD_PARTY_UNVERIFIED	0f46003be891	外部快照/文献(组件记录=sources/MANIFEST.yaml;wm 快照未钉 commit、上游无 LICENSE → 不可 LOCKED);禁入构建
sources/world-model-源码/navlab/sim/companion/mission/evidence/summary.py	5	THIRD_PARTY	THIRD_PARTY_UNVERIFIED	0f46003be891	外部快照/文献(组件记录=sources/MANIFEST.yaml;wm 快照未钉 commit、上游无 LICENSE → 不可 LOCKED);禁入构建
sources/world-model-源码/navlab/sim/companion/mission/fsm.py	5	THIRD_PARTY	THIRD_PARTY_UNVERIFIED	0f46003be891	外部快照/文献(组件记录=sources/MANIFEST.yaml;wm 快照未钉 commit、上游无 LICENSE → 不可 LOCKED);禁入构建
sources/world-model-源码/navlab/sim/companion/mission/hover_landing.py	5	THIRD_PARTY	THIRD_PARTY_UNVERIFIED	0f46003be891	外部快照/文献(组件记录=sources/MANIFEST.yaml;wm 快照未钉 commit、上游无 LICENSE → 不可 LOCKED);禁入构建
sources/world-model-源码/navlab/sim/companion/mission/mavlink_commands.py	325	THIRD_PARTY	THIRD_PARTY_UNVERIFIED	0f46003be891	外部快照/文献(组件记录=sources/MANIFEST.yaml;wm 快照未钉 commit、上游无 LICENSE → 不可 LOCKED);禁入构建
sources/world-model-源码/navlab/sim/companion/mission/pipeline.py	5	THIRD_PARTY	THIRD_PARTY_UNVERIFIED	0f46003be891	外部快照/文献(组件记录=sources/MANIFEST.yaml;wm 快照未钉 commit、上游无 LICENSE → 不可 LOCKED);禁入构建
sources/world-model-源码/navlab/sim/companion/mission/runtime_state.py	5	THIRD_PARTY	THIRD_PARTY_UNVERIFIED	0f46003be891	外部快照/文献(组件记录=sources/MANIFEST.yaml;wm 快照未钉 commit、上游无 LICENSE → 不可 LOCKED);禁入构建
sources/world-model-源码/navlab/sim/companion/mission/stages/__init__.py	5	THIRD_PARTY	THIRD_PARTY_UNVERIFIED	0f46003be891	外部快照/文献(组件记录=sources/MANIFEST.yaml;wm 快照未钉 commit、上游无 LICENSE → 不可 LOCKED);禁入构建
sources/world-model-源码/navlab/sim/companion/mission/stages/hover.py	5	THIRD_PARTY	THIRD_PARTY_UNVERIFIED	0f46003be891	外部快照/文献(组件记录=sources/MANIFEST.yaml;wm 快照未钉 commit、上游无 LICENSE → 不可 LOCKED);禁入构建
sources/world-model-源码/navlab/sim/companion/mission/stages/landing.py	5	THIRD_PARTY	THIRD_PARTY_UNVERIFIED	0f46003be891	外部快照/文献(组件记录=sources/MANIFEST.yaml;wm 快照未钉 commit、上游无 LICENSE → 不可 LOCKED);禁入构建
sources/world-model-源码/navlab/sim/companion/mission/stages/prefix.py	5	THIRD_PARTY	THIRD_PARTY_UNVERIFIED	0f46003be891	外部快照/文献(组件记录=sources/MANIFEST.yaml;wm 快照未钉 commit、上游无 LICENSE → 不可 LOCKED);禁入构建
sources/world-model-源码/navlab/sim/companion/mission/summary_runtime.py	5	THIRD_PARTY	THIRD_PARTY_UNVERIFIED	0f46003be891	外部快照/文献(组件记录=sources/MANIFEST.yaml;wm 快照未钉 commit、上游无 LICENSE → 不可 LOCKED);禁入构建
sources/world-model-源码/navlab/sim/companion/nodes/__init__.py	1	THIRD_PARTY	THIRD_PARTY_UNVERIFIED	0f46003be891	外部快照/文献(组件记录=sources/MANIFEST.yaml;wm 快照未钉 commit、上游无 LICENSE → 不可 LOCKED);禁入构建
sources/world-model-源码/navlab/sim/companion/nodes/external_nav_source_selector.py	973	THIRD_PARTY	THIRD_PARTY_UNVERIFIED	0f46003be891	外部快照/文献(组件记录=sources/MANIFEST.yaml;wm 快照未钉 commit、上游无 LICENSE → 不可 LOCKED);禁入构建
sources/world-model-源码/navlab/sim/companion/nodes/gazebo_truth_odom.py	296	THIRD_PARTY	THIRD_PARTY_UNVERIFIED	0f46003be891	外部快照/文献(组件记录=sources/MANIFEST.yaml;wm 快照未钉 commit、上游无 LICENSE → 不可 LOCKED);禁入构建
sources/world-model-源码/navlab/sim/companion/nodes/gazebo_truth_trajectory.py	175	THIRD_PARTY	THIRD_PARTY_UNVERIFIED	0f46003be891	外部快照/文献(组件记录=sources/MANIFEST.yaml;wm 快照未钉 commit、上游无 LICENSE → 不可 LOCKED);禁入构建
sources/world-model-源码/navlab/sim/companion/nodes/hover_mission.py	1174	THIRD_PARTY	THIRD_PARTY_UNVERIFIED	0f46003be891	外部快照/文献(组件记录=sources/MANIFEST.yaml;wm 快照未钉 commit、上游无 LICENSE → 不可 LOCKED);禁入构建
sources/world-model-源码/navlab/sim/companion/nodes/obstacle_mission.py	727	THIRD_PARTY	THIRD_PARTY_UNVERIFIED	0f46003be891	外部快照/文献(组件记录=sources/MANIFEST.yaml;wm 快照未钉 commit、上游无 LICENSE → 不可 LOCKED);禁入构建
sources/world-model-源码/navlab/sim/companion/nodes/odom_relay.py	48	THIRD_PARTY	THIRD_PARTY_UNVERIFIED	0f46003be891	外部快照/文献(组件记录=sources/MANIFEST.yaml;wm 快照未钉 commit、上游无 LICENSE → 不可 LOCKED);禁入构建
sources/world-model-源码/navlab/sim/companion/nodes/scan_features.py	177	THIRD_PARTY	THIRD_PARTY_UNVERIFIED	0f46003be891	外部快照/文献(组件记录=sources/MANIFEST.yaml;wm 快照未钉 commit、上游无 LICENSE → 不可 LOCKED);禁入构建
sources/world-model-源码/navlab/sim/companion/nodes/scan_reference_correction.py	650	THIRD_PARTY	THIRD_PARTY_UNVERIFIED	0f46003be891	外部快照/文献(组件记录=sources/MANIFEST.yaml;wm 快照未钉 commit、上游无 LICENSE → 不可 LOCKED);禁入构建
sources/world-model-源码/navlab/sim/companion/nodes/scan_reference_drift.py	316	THIRD_PARTY	THIRD_PARTY_UNVERIFIED	0f46003be891	外部快照/文献(组件记录=sources/MANIFEST.yaml;wm 快照未钉 commit、上游无 LICENSE → 不可 LOCKED);禁入构建
sources/world-model-源码/navlab/sim/companion/nodes/vehicle_markers.py	242	THIRD_PARTY	THIRD_PARTY_UNVERIFIED	0f46003be891	外部快照/文献(组件记录=sources/MANIFEST.yaml;wm 快照未钉 commit、上游无 LICENSE → 不可 LOCKED);禁入构建
sources/world-model-源码/navlab/sim/companion/nodes/world_markers.py	251	THIRD_PARTY	THIRD_PARTY_UNVERIFIED	0f46003be891	外部快照/文献(组件记录=sources/MANIFEST.yaml;wm 快照未钉 commit、上游无 LICENSE → 不可 LOCKED);禁入构建
sources/world-model-源码/navlab/sim/companion/runtime/__init__.py	1	THIRD_PARTY	THIRD_PARTY_UNVERIFIED	0f46003be891	外部快照/文献(组件记录=sources/MANIFEST.yaml;wm 快照未钉 commit、上游无 LICENSE → 不可 LOCKED);禁入构建
sources/world-model-源码/navlab/sim/companion/runtime/acceptance.py	700	THIRD_PARTY	THIRD_PARTY_UNVERIFIED	0f46003be891	外部快照/文献(组件记录=sources/MANIFEST.yaml;wm 快照未钉 commit、上游无 LICENSE → 不可 LOCKED);禁入构建
sources/world-model-源码/navlab/sim/companion/runtime/acceptance_cli.py	217	THIRD_PARTY	THIRD_PARTY_UNVERIFIED	0f46003be891	外部快照/文献(组件记录=sources/MANIFEST.yaml;wm 快照未钉 commit、上游无 LICENSE → 不可 LOCKED);禁入构建
sources/world-model-源码/navlab/sim/companion/runtime/cli.py	71	THIRD_PARTY	THIRD_PARTY_UNVERIFIED	0f46003be891	外部快照/文献(组件记录=sources/MANIFEST.yaml;wm 快照未钉 commit、上游无 LICENSE → 不可 LOCKED);禁入构建
sources/world-model-源码/navlab/sim/companion/runtime/config.py	633	THIRD_PARTY	THIRD_PARTY_UNVERIFIED	0f46003be891	外部快照/文献(组件记录=sources/MANIFEST.yaml;wm 快照未钉 commit、上游无 LICENSE → 不可 LOCKED);禁入构建
sources/world-model-源码/navlab/sim/companion/runtime/doctor.py	56	THIRD_PARTY	THIRD_PARTY_UNVERIFIED	0f46003be891	外部快照/文献(组件记录=sources/MANIFEST.yaml;wm 快照未钉 commit、上游无 LICENSE → 不可 LOCKED);禁入构建
sources/world-model-源码/navlab/sim/companion/runtime/hover_acceptance.py	476	THIRD_PARTY	THIRD_PARTY_UNVERIFIED	0f46003be891	外部快照/文献(组件记录=sources/MANIFEST.yaml;wm 快照未钉 commit、上游无 LICENSE → 不可 LOCKED);禁入构建
sources/world-model-源码/navlab/sim/companion/runtime/launcher.py	109	THIRD_PARTY	THIRD_PARTY_UNVERIFIED	0f46003be891	外部快照/文献(组件记录=sources/MANIFEST.yaml;wm 快照未钉 commit、上游无 LICENSE → 不可 LOCKED);禁入构建
sources/world-model-源码/navlab/sim/companion/runtime/rosbag_profile.py	61	THIRD_PARTY	THIRD_PARTY_UNVERIFIED	0f46003be891	外部快照/文献(组件记录=sources/MANIFEST.yaml;wm 快照未钉 commit、上游无 LICENSE → 不可 LOCKED);禁入构建
sources/world-model-源码/navlab/sim/companion/runtime/status.py	11	THIRD_PARTY	THIRD_PARTY_UNVERIFIED	0f46003be891	外部快照/文献(组件记录=sources/MANIFEST.yaml;wm 快照未钉 commit、上游无 LICENSE → 不可 LOCKED);禁入构建
sources/world-model-源码/navlab/sim/companion/runtime/templates/foxglove_notes.md.j2	20	THIRD_PARTY	THIRD_PARTY_UNVERIFIED	0f46003be891	外部快照/文献(组件记录=sources/MANIFEST.yaml;wm 快照未钉 commit、上游无 LICENSE → 不可 LOCKED);禁入构建
sources/world-model-源码/navlab/sim/companion/runtime/world_markers.py	444	THIRD_PARTY	THIRD_PARTY_UNVERIFIED	0f46003be891	外部快照/文献(组件记录=sources/MANIFEST.yaml;wm 快照未钉 commit、上游无 LICENSE → 不可 LOCKED);禁入构建
sources/world-model-源码/navlab/sim/gazebo_sensor/__init__.py	1	THIRD_PARTY	THIRD_PARTY_UNVERIFIED	0f46003be891	外部快照/文献(组件记录=sources/MANIFEST.yaml;wm 快照未钉 commit、上游无 LICENSE → 不可 LOCKED);禁入构建
sources/world-model-源码/navlab/sim/gazebo_sensor/airframe_disturbance.py	300	THIRD_PARTY	THIRD_PARTY_UNVERIFIED	0f46003be891	外部快照/文献(组件记录=sources/MANIFEST.yaml;wm 快照未钉 commit、上游无 LICENSE → 不可 LOCKED);禁入构建
sources/world-model-源码/navlab/sim/gazebo_sensor/airframe_disturbance_runtime.py	205	THIRD_PARTY	THIRD_PARTY_UNVERIFIED	0f46003be891	外部快照/文献(组件记录=sources/MANIFEST.yaml;wm 快照未钉 commit、上游无 LICENSE → 不可 LOCKED);禁入构建
sources/world-model-源码/navlab/sim/gazebo_sensor/benewake_tfmini_serial.py	299	THIRD_PARTY	THIRD_PARTY_UNVERIFIED	0f46003be891	外部快照/文献(组件记录=sources/MANIFEST.yaml;wm 快照未钉 commit、上游无 LICENSE → 不可 LOCKED);禁入构建
sources/world-model-源码/navlab/sim/gazebo_sensor/cli.py	178	THIRD_PARTY	THIRD_PARTY_UNVERIFIED	0f46003be891	外部快照/文献(组件记录=sources/MANIFEST.yaml;wm 快照未钉 commit、上游无 LICENSE → 不可 LOCKED);禁入构建
sources/world-model-源码/navlab/sim/gazebo_sensor/cloud_scan_projection.py	158	THIRD_PARTY	THIRD_PARTY_UNVERIFIED	0f46003be891	外部快照/文献(组件记录=sources/MANIFEST.yaml;wm 快照未钉 commit、上游无 LICENSE → 不可 LOCKED);禁入构建
sources/world-model-源码/navlab/sim/gazebo_sensor/config.py	900	THIRD_PARTY	THIRD_PARTY_UNVERIFIED	0f46003be891	外部快照/文献(组件记录=sources/MANIFEST.yaml;wm 快照未钉 commit、上游无 LICENSE → 不可 LOCKED);禁入构建
sources/world-model-源码/navlab/sim/gazebo_sensor/range_projection.py	125	THIRD_PARTY	THIRD_PARTY_UNVERIFIED	0f46003be891	外部快照/文献(组件记录=sources/MANIFEST.yaml;wm 快照未钉 commit、上游无 LICENSE → 不可 LOCKED);禁入构建
sources/world-model-源码/navlab/sim/gazebo_sensor/runtime.py	263	THIRD_PARTY	THIRD_PARTY_UNVERIFIED	0f46003be891	外部快照/文献(组件记录=sources/MANIFEST.yaml;wm 快照未钉 commit、上游无 LICENSE → 不可 LOCKED);禁入构建
sources/world-model-源码/navlab/sim/gazebo_sensor/scan_integrity.py	463	THIRD_PARTY	THIRD_PARTY_UNVERIFIED	0f46003be891	外部快照/文献(组件记录=sources/MANIFEST.yaml;wm 快照未钉 commit、上游无 LICENSE → 不可 LOCKED);禁入构建
sources/world-model-源码/navlab/sim/gazebo_sensor/scan_stabilization.py	546	THIRD_PARTY	THIRD_PARTY_UNVERIFIED	0f46003be891	外部快照/文献(组件记录=sources/MANIFEST.yaml;wm 快照未钉 commit、上游无 LICENSE → 不可 LOCKED);禁入构建
sources/world-model-源码/navlab/sim/gazebo_sensor/scan_time_normalizer.py	318	THIRD_PARTY	THIRD_PARTY_UNVERIFIED	0f46003be891	外部快照/文献(组件记录=sources/MANIFEST.yaml;wm 快照未钉 commit、上游无 LICENSE → 不可 LOCKED);禁入构建
sources/world-model-源码/navlab/sim/gazebo_sensor/x2/__init__.py	1	THIRD_PARTY	THIRD_PARTY_UNVERIFIED	0f46003be891	外部快照/文献(组件记录=sources/MANIFEST.yaml;wm 快照未钉 commit、上游无 LICENSE → 不可 LOCKED);禁入构建
sources/world-model-源码/navlab/sim/gazebo_sensor/x2/emulator.py	311	THIRD_PARTY	THIRD_PARTY_UNVERIFIED	0f46003be891	外部快照/文献(组件记录=sources/MANIFEST.yaml;wm 快照未钉 commit、上游无 LICENSE → 不可 LOCKED);禁入构建
sources/world-model-源码/navlab/sim/gazebo_sensor/x2/protocol.py	192	THIRD_PARTY	THIRD_PARTY_UNVERIFIED	0f46003be891	外部快照/文献(组件记录=sources/MANIFEST.yaml;wm 快照未钉 commit、上游无 LICENSE → 不可 LOCKED);禁入构建
sources/world-model-源码/navlab/sim/gazebo_sensor/x2/scan_source.py	106	THIRD_PARTY	THIRD_PARTY_UNVERIFIED	0f46003be891	外部快照/文献(组件记录=sources/MANIFEST.yaml;wm 快照未钉 commit、上游无 LICENSE → 不可 LOCKED);禁入构建
sources/world-model-源码/navlab/sim/gazebo_sensor/x2/smoke.py	333	THIRD_PARTY	THIRD_PARTY_UNVERIFIED	0f46003be891	外部快照/文献(组件记录=sources/MANIFEST.yaml;wm 快照未钉 commit、上游无 LICENSE → 不可 LOCKED);禁入构建
sources/world-model-源码/navlab/tests/common/test_contracts.py	56	THIRD_PARTY	THIRD_PARTY_UNVERIFIED	0f46003be891	外部快照/文献(组件记录=sources/MANIFEST.yaml;wm 快照未钉 commit、上游无 LICENSE → 不可 LOCKED);禁入构建
sources/world-model-源码/navlab/tests/common/test_front_sector.py	79	THIRD_PARTY	THIRD_PARTY_UNVERIFIED	0f46003be891	外部快照/文献(组件记录=sources/MANIFEST.yaml;wm 快照未钉 commit、上游无 LICENSE → 不可 LOCKED);禁入构建
sources/world-model-源码/navlab/tests/common/test_hover_source_audit.py	113	THIRD_PARTY	THIRD_PARTY_UNVERIFIED	0f46003be891	外部快照/文献(组件记录=sources/MANIFEST.yaml;wm 快照未钉 commit、上游无 LICENSE → 不可 LOCKED);禁入构建
sources/world-model-源码/navlab/tests/common/test_process_manager.py	35	THIRD_PARTY	THIRD_PARTY_UNVERIFIED	0f46003be891	外部快照/文献(组件记录=sources/MANIFEST.yaml;wm 快照未钉 commit、上游无 LICENSE → 不可 LOCKED);禁入构建
sources/world-model-源码/navlab/tests/common/test_rosbag.py	123	THIRD_PARTY	THIRD_PARTY_UNVERIFIED	0f46003be891	外部快照/文献(组件记录=sources/MANIFEST.yaml;wm 快照未钉 commit、上游无 LICENSE → 不可 LOCKED);禁入构建
sources/world-model-源码/navlab/tests/companion/test_acceptance_artifacts.py	132	THIRD_PARTY	THIRD_PARTY_UNVERIFIED	0f46003be891	外部快照/文献(组件记录=sources/MANIFEST.yaml;wm 快照未钉 commit、上游无 LICENSE → 不可 LOCKED);禁入构建
sources/world-model-源码/navlab/tests/companion/test_acceptance_summary.py	494	THIRD_PARTY	THIRD_PARTY_UNVERIFIED	0f46003be891	外部快照/文献(组件记录=sources/MANIFEST.yaml;wm 快照未钉 commit、上游无 LICENSE → 不可 LOCKED);禁入构建
sources/world-model-源码/navlab/tests/companion/test_config.py	116	THIRD_PARTY	THIRD_PARTY_UNVERIFIED	0f46003be891	外部快照/文献(组件记录=sources/MANIFEST.yaml;wm 快照未钉 commit、上游无 LICENSE → 不可 LOCKED);禁入构建
sources/world-model-源码/navlab/tests/companion/test_external_nav_sender.py	169	THIRD_PARTY	THIRD_PARTY_UNVERIFIED	0f46003be891	外部快照/文献(组件记录=sources/MANIFEST.yaml;wm 快照未钉 commit、上游无 LICENSE → 不可 LOCKED);禁入构建
sources/world-model-源码/navlab/tests/companion/test_external_nav_source_selector.py	740	THIRD_PARTY	THIRD_PARTY_UNVERIFIED	0f46003be891	外部快照/文献(组件记录=sources/MANIFEST.yaml;wm 快照未钉 commit、上游无 LICENSE → 不可 LOCKED);禁入构建
sources/world-model-源码/navlab/tests/companion/test_gazebo_truth_odom.py	142	THIRD_PARTY	THIRD_PARTY_UNVERIFIED	0f46003be891	外部快照/文献(组件记录=sources/MANIFEST.yaml;wm 快照未钉 commit、上游无 LICENSE → 不可 LOCKED);禁入构建
sources/world-model-源码/navlab/tests/companion/test_gazebo_truth_trajectory.py	79	THIRD_PARTY	THIRD_PARTY_UNVERIFIED	0f46003be891	外部快照/文献(组件记录=sources/MANIFEST.yaml;wm 快照未钉 commit、上游无 LICENSE → 不可 LOCKED);禁入构建
sources/world-model-源码/navlab/tests/companion/test_height_estimator.py	95	THIRD_PARTY	THIRD_PARTY_UNVERIFIED	0f46003be891	外部快照/文献(组件记录=sources/MANIFEST.yaml;wm 快照未钉 commit、上游无 LICENSE → 不可 LOCKED);禁入构建
sources/world-model-源码/navlab/tests/companion/test_hover_mission.py	1590	THIRD_PARTY	THIRD_PARTY_UNVERIFIED	0f46003be891	外部快照/文献(组件记录=sources/MANIFEST.yaml;wm 快照未钉 commit、上游无 LICENSE → 不可 LOCKED);禁入构建
sources/world-model-源码/navlab/tests/companion/test_imu_bridge.py	81	THIRD_PARTY	THIRD_PARTY_UNVERIFIED	0f46003be891	外部快照/文献(组件记录=sources/MANIFEST.yaml;wm 快照未钉 commit、上游无 LICENSE → 不可 LOCKED);禁入构建
sources/world-model-源码/navlab/tests/companion/test_mission_fsm.py	36	THIRD_PARTY	THIRD_PARTY_UNVERIFIED	0f46003be891	外部快照/文献(组件记录=sources/MANIFEST.yaml;wm 快照未钉 commit、上游无 LICENSE → 不可 LOCKED);禁入构建
sources/world-model-源码/navlab/tests/companion/test_mission_hover_evidence.py	219	THIRD_PARTY	THIRD_PARTY_UNVERIFIED	0f46003be891	外部快照/文献(组件记录=sources/MANIFEST.yaml;wm 快照未钉 commit、上游无 LICENSE → 不可 LOCKED);禁入构建
sources/world-model-源码/navlab/tests/companion/test_mission_mavlink_commands.py	66	THIRD_PARTY	THIRD_PARTY_UNVERIFIED	0f46003be891	外部快照/文献(组件记录=sources/MANIFEST.yaml;wm 快照未钉 commit、上游无 LICENSE → 不可 LOCKED);禁入构建
sources/world-model-源码/navlab/tests/companion/test_mission_pipeline.py	410	THIRD_PARTY	THIRD_PARTY_UNVERIFIED	0f46003be891	外部快照/文献(组件记录=sources/MANIFEST.yaml;wm 快照未钉 commit、上游无 LICENSE → 不可 LOCKED);禁入构建
sources/world-model-源码/navlab/tests/companion/test_mission_prefix_stages.py	317	THIRD_PARTY	THIRD_PARTY_UNVERIFIED	0f46003be891	外部快照/文献(组件记录=sources/MANIFEST.yaml;wm 快照未钉 commit、上游无 LICENSE → 不可 LOCKED);禁入构建
sources/world-model-源码/navlab/tests/companion/test_mission_runtime_state.py	243	THIRD_PARTY	THIRD_PARTY_UNVERIFIED	0f46003be891	外部快照/文献(组件记录=sources/MANIFEST.yaml;wm 快照未钉 commit、上游无 LICENSE → 不可 LOCKED);禁入构建
sources/world-model-源码/navlab/tests/companion/test_mission_state_owners.py	482	THIRD_PARTY	THIRD_PARTY_UNVERIFIED	0f46003be891	外部快照/文献(组件记录=sources/MANIFEST.yaml;wm 快照未钉 commit、上游无 LICENSE → 不可 LOCKED);禁入构建
sources/world-model-源码/navlab/tests/companion/test_mission_summary.py	222	THIRD_PARTY	THIRD_PARTY_UNVERIFIED	0f46003be891	外部快照/文献(组件记录=sources/MANIFEST.yaml;wm 快照未钉 commit、上游无 LICENSE → 不可 LOCKED);禁入构建
sources/world-model-源码/navlab/tests/companion/test_obstacle_mission.py	272	THIRD_PARTY	THIRD_PARTY_UNVERIFIED	0f46003be891	外部快照/文献(组件记录=sources/MANIFEST.yaml;wm 快照未钉 commit、上游无 LICENSE → 不可 LOCKED);禁入构建
sources/world-model-源码/navlab/tests/companion/test_policy.py	70	THIRD_PARTY	THIRD_PARTY_UNVERIFIED	0f46003be891	外部快照/文献(组件记录=sources/MANIFEST.yaml;wm 快照未钉 commit、上游无 LICENSE → 不可 LOCKED);禁入构建
sources/world-model-源码/navlab/tests/companion/test_pose_mirror.py	229	THIRD_PARTY	THIRD_PARTY_UNVERIFIED	0f46003be891	外部快照/文献(组件记录=sources/MANIFEST.yaml;wm 快照未钉 commit、上游无 LICENSE → 不可 LOCKED);禁入构建
sources/world-model-源码/navlab/tests/companion/test_scan_features.py	57	THIRD_PARTY	THIRD_PARTY_UNVERIFIED	0f46003be891	外部快照/文献(组件记录=sources/MANIFEST.yaml;wm 快照未钉 commit、上游无 LICENSE → 不可 LOCKED);禁入构建
sources/world-model-源码/navlab/tests/companion/test_scan_reference_correction.py	271	THIRD_PARTY	THIRD_PARTY_UNVERIFIED	0f46003be891	外部快照/文献(组件记录=sources/MANIFEST.yaml;wm 快照未钉 commit、上游无 LICENSE → 不可 LOCKED);禁入构建
sources/world-model-源码/navlab/tests/companion/test_scan_reference_drift.py	354	THIRD_PARTY	THIRD_PARTY_UNVERIFIED	0f46003be891	外部快照/文献(组件记录=sources/MANIFEST.yaml;wm 快照未钉 commit、上游无 LICENSE → 不可 LOCKED);禁入构建
sources/world-model-源码/navlab/tests/companion/test_vehicle_markers.py	43	THIRD_PARTY	THIRD_PARTY_UNVERIFIED	0f46003be891	外部快照/文献(组件记录=sources/MANIFEST.yaml;wm 快照未钉 commit、上游无 LICENSE → 不可 LOCKED);禁入构建
sources/world-model-源码/navlab/tests/companion/test_world_markers.py	327	THIRD_PARTY	THIRD_PARTY_UNVERIFIED	0f46003be891	外部快照/文献(组件记录=sources/MANIFEST.yaml;wm 快照未钉 commit、上游无 LICENSE → 不可 LOCKED);禁入构建
sources/world-model-源码/navlab/tests/conftest.py	8	THIRD_PARTY	THIRD_PARTY_UNVERIFIED	0f46003be891	外部快照/文献(组件记录=sources/MANIFEST.yaml;wm 快照未钉 commit、上游无 LICENSE → 不可 LOCKED);禁入构建
sources/world-model-源码/navlab/tests/gazebo_sensor/test_airframe_disturbance.py	85	THIRD_PARTY	THIRD_PARTY_UNVERIFIED	0f46003be891	外部快照/文献(组件记录=sources/MANIFEST.yaml;wm 快照未钉 commit、上游无 LICENSE → 不可 LOCKED);禁入构建
sources/world-model-源码/navlab/tests/gazebo_sensor/test_rangefinder.py	35	THIRD_PARTY	THIRD_PARTY_UNVERIFIED	0f46003be891	外部快照/文献(组件记录=sources/MANIFEST.yaml;wm 快照未钉 commit、上游无 LICENSE → 不可 LOCKED);禁入构建
sources/world-model-源码/navlab/tests/gazebo_sensor/test_scan_integrity.py	92	THIRD_PARTY	THIRD_PARTY_UNVERIFIED	0f46003be891	外部快照/文献(组件记录=sources/MANIFEST.yaml;wm 快照未钉 commit、上游无 LICENSE → 不可 LOCKED);禁入构建
sources/world-model-源码/navlab/tests/gazebo_sensor/test_scan_stabilization.py	112	THIRD_PARTY	THIRD_PARTY_UNVERIFIED	0f46003be891	外部快照/文献(组件记录=sources/MANIFEST.yaml;wm 快照未钉 commit、上游无 LICENSE → 不可 LOCKED);禁入构建
sources/world-model-源码/navlab/tests/gazebo_sensor/x2/test_cloud_scan_projection.py	35	THIRD_PARTY	THIRD_PARTY_UNVERIFIED	0f46003be891	外部快照/文献(组件记录=sources/MANIFEST.yaml;wm 快照未钉 commit、上游无 LICENSE → 不可 LOCKED);禁入构建
sources/world-model-源码/navlab/tests/gazebo_sensor/x2/test_driver_smoke.py	61	THIRD_PARTY	THIRD_PARTY_UNVERIFIED	0f46003be891	外部快照/文献(组件记录=sources/MANIFEST.yaml;wm 快照未钉 commit、上游无 LICENSE → 不可 LOCKED);禁入构建
sources/world-model-源码/navlab/tests/gazebo_sensor/x2/test_protocol.py	104	THIRD_PARTY	THIRD_PARTY_UNVERIFIED	0f46003be891	外部快照/文献(组件记录=sources/MANIFEST.yaml;wm 快照未钉 commit、上游无 LICENSE → 不可 LOCKED);禁入构建
sources/world-model-源码/navlab/tests/gazebo_sensor/x2/test_protocol_config.py	91	THIRD_PARTY	THIRD_PARTY_UNVERIFIED	0f46003be891	外部快照/文献(组件记录=sources/MANIFEST.yaml;wm 快照未钉 commit、上游无 LICENSE → 不可 LOCKED);禁入构建
sources/world-model-源码/navlab/tests/gazebo_sensor/x2/test_scan_source.py	109	THIRD_PARTY	THIRD_PARTY_UNVERIFIED	0f46003be891	外部快照/文献(组件记录=sources/MANIFEST.yaml;wm 快照未钉 commit、上游无 LICENSE → 不可 LOCKED);禁入构建
sources/world-model-源码/navlab/tests/gazebo_sensor/x2/test_sensor_ownership.py	103	THIRD_PARTY	THIRD_PARTY_UNVERIFIED	0f46003be891	外部快照/文献(组件记录=sources/MANIFEST.yaml;wm 快照未钉 commit、上游无 LICENSE → 不可 LOCKED);禁入构建
sources/world-model-源码/navlab/tests/gazebo_sensor/x2/test_sensor_runtime.py	312	THIRD_PARTY	THIRD_PARTY_UNVERIFIED	0f46003be891	外部快照/文献(组件记录=sources/MANIFEST.yaml;wm 快照未钉 commit、上游无 LICENSE → 不可 LOCKED);禁入构建
sources/world-model-源码/navlab/tests/gazebo_sensor/x2/test_serial_emulator.py	139	THIRD_PARTY	THIRD_PARTY_UNVERIFIED	0f46003be891	外部快照/文献(组件记录=sources/MANIFEST.yaml;wm 快照未钉 commit、上游无 LICENSE → 不可 LOCKED);禁入构建
sources/world-model-源码/navlab/tests/slam/test_cartographer_adapter_contract.py	62	THIRD_PARTY	THIRD_PARTY_UNVERIFIED	0f46003be891	外部快照/文献(组件记录=sources/MANIFEST.yaml;wm 快照未钉 commit、上游无 LICENSE → 不可 LOCKED);禁入构建
sources/world-model-源码/navlab/tests/slam/test_cartographer_official_alignment.py	74	THIRD_PARTY	THIRD_PARTY_UNVERIFIED	0f46003be891	外部快照/文献(组件记录=sources/MANIFEST.yaml;wm 快照未钉 commit、上游无 LICENSE → 不可 LOCKED);禁入构建
sources/world-model-源码/navlab/tests/slam/test_external_nav_bridge_contract.py	41	THIRD_PARTY	THIRD_PARTY_UNVERIFIED	0f46003be891	外部快照/文献(组件记录=sources/MANIFEST.yaml;wm 快照未钉 commit、上游无 LICENSE → 不可 LOCKED);禁入构建
sources/world-model-源码/navlab/tests/slam/test_quality_gate.py	97	THIRD_PARTY	THIRD_PARTY_UNVERIFIED	0f46003be891	外部快照/文献(组件记录=sources/MANIFEST.yaml;wm 快照未钉 commit、上游无 LICENSE → 不可 LOCKED);禁入构建
sources/world-model-源码/navlab/tests/slam/test_ros_workspace_ownership.py	25	THIRD_PARTY	THIRD_PARTY_UNVERIFIED	0f46003be891	外部快照/文献(组件记录=sources/MANIFEST.yaml;wm 快照未钉 commit、上游无 LICENSE → 不可 LOCKED);禁入构建
sources/world-model-源码/navlab/tests/slam/test_runtime_config.py	96	THIRD_PARTY	THIRD_PARTY_UNVERIFIED	0f46003be891	外部快照/文献(组件记录=sources/MANIFEST.yaml;wm 快照未钉 commit、上游无 LICENSE → 不可 LOCKED);禁入构建
sources/world-model-源码/navlab/tests/slam/test_sitl_external_nav_params.py	90	THIRD_PARTY	THIRD_PARTY_UNVERIFIED	0f46003be891	外部快照/文献(组件记录=sources/MANIFEST.yaml;wm 快照未钉 commit、上游无 LICENSE → 不可 LOCKED);禁入构建
sources/world-model-源码/navlab/uv.lock	809	THIRD_PARTY	THIRD_PARTY_UNVERIFIED	0f46003be891	外部快照/文献(组件记录=sources/MANIFEST.yaml;wm 快照未钉 commit、上游无 LICENSE → 不可 LOCKED);禁入构建
sources/world-model-源码/orchestration/real/Cargo.lock	2781	THIRD_PARTY	THIRD_PARTY_UNVERIFIED	0f46003be891	外部快照/文献(组件记录=sources/MANIFEST.yaml;wm 快照未钉 commit、上游无 LICENSE → 不可 LOCKED);禁入构建
sources/world-model-源码/orchestration/real/Cargo.toml	46	THIRD_PARTY	THIRD_PARTY_UNVERIFIED	0f46003be891	外部快照/文献(组件记录=sources/MANIFEST.yaml;wm 快照未钉 commit、上游无 LICENSE → 不可 LOCKED);禁入构建
sources/world-model-源码/orchestration/real/README.md	191	THIRD_PARTY	THIRD_PARTY_UNVERIFIED	0f46003be891	外部快照/文献(组件记录=sources/MANIFEST.yaml;wm 快照未钉 commit、上游无 LICENSE → 不可 LOCKED);禁入构建
sources/world-model-源码/orchestration/real/benches/motor_debug_plan.rs	36	THIRD_PARTY	THIRD_PARTY_UNVERIFIED	0f46003be891	外部快照/文献(组件记录=sources/MANIFEST.yaml;wm 快照未钉 commit、上游无 LICENSE → 不可 LOCKED);禁入构建
sources/world-model-源码/orchestration/real/config.toml	229	THIRD_PARTY	THIRD_PARTY_UNVERIFIED	0f46003be891	外部快照/文献(组件记录=sources/MANIFEST.yaml;wm 快照未钉 commit、上游无 LICENSE → 不可 LOCKED);禁入构建
sources/world-model-源码/orchestration/real/configs/tasks/hover.yaml	24	THIRD_PARTY	THIRD_PARTY_UNVERIFIED	0f46003be891	外部快照/文献(组件记录=sources/MANIFEST.yaml;wm 快照未钉 commit、上游无 LICENSE → 不可 LOCKED);禁入构建
sources/world-model-源码/orchestration/real/configs/tasks/motor-debug.yaml	16	THIRD_PARTY	THIRD_PARTY_UNVERIFIED	0f46003be891	外部快照/文献(组件记录=sources/MANIFEST.yaml;wm 快照未钉 commit、上游无 LICENSE → 不可 LOCKED);禁入构建
sources/world-model-源码/orchestration/real/src/cli.rs	695	THIRD_PARTY	THIRD_PARTY_UNVERIFIED	0f46003be891	外部快照/文献(组件记录=sources/MANIFEST.yaml;wm 快照未钉 commit、上游无 LICENSE → 不可 LOCKED);禁入构建
sources/world-model-源码/orchestration/real/src/config.rs	631	THIRD_PARTY	THIRD_PARTY_UNVERIFIED	0f46003be891	外部快照/文献(组件记录=sources/MANIFEST.yaml;wm 快照未钉 commit、上游无 LICENSE → 不可 LOCKED);禁入构建
sources/world-model-源码/orchestration/real/src/contracts.rs	354	THIRD_PARTY	THIRD_PARTY_UNVERIFIED	0f46003be891	外部快照/文献(组件记录=sources/MANIFEST.yaml;wm 快照未钉 commit、上游无 LICENSE → 不可 LOCKED);禁入构建
sources/world-model-源码/orchestration/real/src/errors.rs	8	THIRD_PARTY	THIRD_PARTY_UNVERIFIED	0f46003be891	外部快照/文献(组件记录=sources/MANIFEST.yaml;wm 快照未钉 commit、上游无 LICENSE → 不可 LOCKED);禁入构建
sources/world-model-源码/orchestration/real/src/lib.rs	9	THIRD_PARTY	THIRD_PARTY_UNVERIFIED	0f46003be891	外部快照/文献(组件记录=sources/MANIFEST.yaml;wm 快照未钉 commit、上游无 LICENSE → 不可 LOCKED);禁入构建
sources/world-model-源码/orchestration/real/src/logging/config.rs	26	THIRD_PARTY	THIRD_PARTY_UNVERIFIED	0f46003be891	外部快照/文献(组件记录=sources/MANIFEST.yaml;wm 快照未钉 commit、上游无 LICENSE → 不可 LOCKED);禁入构建
sources/world-model-源码/orchestration/real/src/logging/init.rs	61	THIRD_PARTY	THIRD_PARTY_UNVERIFIED	0f46003be891	外部快照/文献(组件记录=sources/MANIFEST.yaml;wm 快照未钉 commit、上游无 LICENSE → 不可 LOCKED);禁入构建
sources/world-model-源码/orchestration/real/src/logging/mod.rs	5	THIRD_PARTY	THIRD_PARTY_UNVERIFIED	0f46003be891	外部快照/文献(组件记录=sources/MANIFEST.yaml;wm 快照未钉 commit、上游无 LICENSE → 不可 LOCKED);禁入构建
sources/world-model-源码/orchestration/real/src/main.rs	8	THIRD_PARTY	THIRD_PARTY_UNVERIFIED	0f46003be891	外部快照/文献(组件记录=sources/MANIFEST.yaml;wm 快照未钉 commit、上游无 LICENSE → 不可 LOCKED);禁入构建
sources/world-model-源码/orchestration/real/src/runtime/mavlink.rs	1241	THIRD_PARTY	THIRD_PARTY_UNVERIFIED	0f46003be891	外部快照/文献(组件记录=sources/MANIFEST.yaml;wm 快照未钉 commit、上游无 LICENSE → 不可 LOCKED);禁入构建
sources/world-model-源码/orchestration/real/src/runtime/mod.rs	12	THIRD_PARTY	THIRD_PARTY_UNVERIFIED	0f46003be891	外部快照/文献(组件记录=sources/MANIFEST.yaml;wm 快照未钉 commit、上游无 LICENSE → 不可 LOCKED);禁入构建
sources/world-model-源码/orchestration/real/src/runtime/process.rs	750	THIRD_PARTY	THIRD_PARTY_UNVERIFIED	0f46003be891	外部快照/文献(组件记录=sources/MANIFEST.yaml;wm 快照未钉 commit、上游无 LICENSE → 不可 LOCKED);禁入构建
sources/world-model-源码/orchestration/real/src/tasks/mod.rs	52	THIRD_PARTY	THIRD_PARTY_UNVERIFIED	0f46003be891	外部快照/文献(组件记录=sources/MANIFEST.yaml;wm 快照未钉 commit、上游无 LICENSE → 不可 LOCKED);禁入构建
sources/world-model-源码/orchestration/real/src/tasks/motor_debug.rs	1855	THIRD_PARTY	THIRD_PARTY_UNVERIFIED	0f46003be891	外部快照/文献(组件记录=sources/MANIFEST.yaml;wm 快照未钉 commit、上游无 LICENSE → 不可 LOCKED);禁入构建
sources/world-model-源码/orchestration/real/src/tasks/real_hover.rs	1033	THIRD_PARTY	THIRD_PARTY_UNVERIFIED	0f46003be891	外部快照/文献(组件记录=sources/MANIFEST.yaml;wm 快照未钉 commit、上游无 LICENSE → 不可 LOCKED);禁入构建
sources/world-model-源码/orchestration/real/src/tasks/registry.rs	66	THIRD_PARTY	THIRD_PARTY_UNVERIFIED	0f46003be891	外部快照/文献(组件记录=sources/MANIFEST.yaml;wm 快照未钉 commit、上游无 LICENSE → 不可 LOCKED);禁入构建
sources/world-model-源码/orchestration/real/src/ui.rs	12	THIRD_PARTY	THIRD_PARTY_UNVERIFIED	0f46003be891	外部快照/文献(组件记录=sources/MANIFEST.yaml;wm 快照未钉 commit、上游无 LICENSE → 不可 LOCKED);禁入构建
sources/world-model-源码/orchestration/real/src/workflows/common_doctor.rs	959	THIRD_PARTY	THIRD_PARTY_UNVERIFIED	0f46003be891	外部快照/文献(组件记录=sources/MANIFEST.yaml;wm 快照未钉 commit、上游无 LICENSE → 不可 LOCKED);禁入构建
sources/world-model-源码/orchestration/real/src/workflows/doctor_chain.rs	468	THIRD_PARTY	THIRD_PARTY_UNVERIFIED	0f46003be891	外部快照/文献(组件记录=sources/MANIFEST.yaml;wm 快照未钉 commit、上游无 LICENSE → 不可 LOCKED);禁入构建
sources/world-model-源码/orchestration/real/src/workflows/fsm.rs	398	THIRD_PARTY	THIRD_PARTY_UNVERIFIED	0f46003be891	外部快照/文献(组件记录=sources/MANIFEST.yaml;wm 快照未钉 commit、上游无 LICENSE → 不可 LOCKED);禁入构建
sources/world-model-源码/orchestration/real/src/workflows/mod.rs	30	THIRD_PARTY	THIRD_PARTY_UNVERIFIED	0f46003be891	外部快照/文献(组件记录=sources/MANIFEST.yaml;wm 快照未钉 commit、上游无 LICENSE → 不可 LOCKED);禁入构建
sources/world-model-源码/orchestration/real/src/workflows/preflight.rs	594	THIRD_PARTY	THIRD_PARTY_UNVERIFIED	0f46003be891	外部快照/文献(组件记录=sources/MANIFEST.yaml;wm 快照未钉 commit、上游无 LICENSE → 不可 LOCKED);禁入构建
sources/world-model-源码/orchestration/real/src/workflows/prepare.rs	1205	THIRD_PARTY	THIRD_PARTY_UNVERIFIED	0f46003be891	外部快照/文献(组件记录=sources/MANIFEST.yaml;wm 快照未钉 commit、上游无 LICENSE → 不可 LOCKED);禁入构建
sources/world-model-源码/orchestration/real/src/workflows/task_doctor.rs	539	THIRD_PARTY	THIRD_PARTY_UNVERIFIED	0f46003be891	外部快照/文献(组件记录=sources/MANIFEST.yaml;wm 快照未钉 commit、上游无 LICENSE → 不可 LOCKED);禁入构建
sources/world-model-源码/orchestration/real/src/workflows/workflow.rs	547	THIRD_PARTY	THIRD_PARTY_UNVERIFIED	0f46003be891	外部快照/文献(组件记录=sources/MANIFEST.yaml;wm 快照未钉 commit、上游无 LICENSE → 不可 LOCKED);禁入构建
sources/world-model-源码/orchestration/sim/README.md	210	THIRD_PARTY	THIRD_PARTY_UNVERIFIED	0f46003be891	外部快照/文献(组件记录=sources/MANIFEST.yaml;wm 快照未钉 commit、上游无 LICENSE → 不可 LOCKED);禁入构建
sources/world-model-源码/orchestration/sim/cmd/navlab-sim/contracts_test.go	183	THIRD_PARTY	THIRD_PARTY_UNVERIFIED	0f46003be891	外部快照/文献(组件记录=sources/MANIFEST.yaml;wm 快照未钉 commit、上游无 LICENSE → 不可 LOCKED);禁入构建
sources/world-model-源码/orchestration/sim/cmd/navlab-sim/main.go	1320	THIRD_PARTY	THIRD_PARTY_UNVERIFIED	0f46003be891	外部快照/文献(组件记录=sources/MANIFEST.yaml;wm 快照未钉 commit、上游无 LICENSE → 不可 LOCKED);禁入构建
sources/world-model-源码/orchestration/sim/config.toml	227	THIRD_PARTY	THIRD_PARTY_UNVERIFIED	0f46003be891	外部快照/文献(组件记录=sources/MANIFEST.yaml;wm 快照未钉 commit、上游无 LICENSE → 不可 LOCKED);禁入构建
sources/world-model-源码/orchestration/sim/configs/rosbag/navigation.yaml	41	THIRD_PARTY	THIRD_PARTY_UNVERIFIED	0f46003be891	外部快照/文献(组件记录=sources/MANIFEST.yaml;wm 快照未钉 commit、上游无 LICENSE → 不可 LOCKED);禁入构建
sources/world-model-源码/orchestration/sim/configs/tasks/exploration.yaml	30	THIRD_PARTY	THIRD_PARTY_UNVERIFIED	0f46003be891	外部快照/文献(组件记录=sources/MANIFEST.yaml;wm 快照未钉 commit、上游无 LICENSE → 不可 LOCKED);禁入构建
sources/world-model-源码/orchestration/sim/configs/tasks/hover-slam-only.yaml	12	THIRD_PARTY	THIRD_PARTY_UNVERIFIED	0f46003be891	外部快照/文献(组件记录=sources/MANIFEST.yaml;wm 快照未钉 commit、上游无 LICENSE → 不可 LOCKED);禁入构建
sources/world-model-源码/orchestration/sim/configs/tasks/hover.yaml	33	THIRD_PARTY	THIRD_PARTY_UNVERIFIED	0f46003be891	外部快照/文献(组件记录=sources/MANIFEST.yaml;wm 快照未钉 commit、上游无 LICENSE → 不可 LOCKED);禁入构建
sources/world-model-源码/orchestration/sim/configs/tasks/navigation.yaml	63	THIRD_PARTY	THIRD_PARTY_UNVERIFIED	0f46003be891	外部快照/文献(组件记录=sources/MANIFEST.yaml;wm 快照未钉 commit、上游无 LICENSE → 不可 LOCKED);禁入构建
sources/world-model-源码/orchestration/sim/configs/tasks/scan-robustness.yaml	27	THIRD_PARTY	THIRD_PARTY_UNVERIFIED	0f46003be891	外部快照/文献(组件记录=sources/MANIFEST.yaml;wm 快照未钉 commit、上游无 LICENSE → 不可 LOCKED);禁入构建
sources/world-model-源码/orchestration/sim/go.mod	84	THIRD_PARTY	THIRD_PARTY_UNVERIFIED	0f46003be891	外部快照/文献(组件记录=sources/MANIFEST.yaml;wm 快照未钉 commit、上游无 LICENSE → 不可 LOCKED);禁入构建
sources/world-model-源码/orchestration/sim/go.sum	224	THIRD_PARTY	THIRD_PARTY_UNVERIFIED	0f46003be891	外部快照/文献(组件记录=sources/MANIFEST.yaml;wm 快照未钉 commit、上游无 LICENSE → 不可 LOCKED);禁入构建
sources/world-model-源码/orchestration/sim/internal/artifacts/layout/layout.go	95	THIRD_PARTY	THIRD_PARTY_UNVERIFIED	0f46003be891	外部快照/文献(组件记录=sources/MANIFEST.yaml;wm 快照未钉 commit、上游无 LICENSE → 不可 LOCKED);禁入构建
sources/world-model-源码/orchestration/sim/internal/artifacts/writer.go	454	THIRD_PARTY	THIRD_PARTY_UNVERIFIED	0f46003be891	外部快照/文献(组件记录=sources/MANIFEST.yaml;wm 快照未钉 commit、上游无 LICENSE → 不可 LOCKED);禁入构建
sources/world-model-源码/orchestration/sim/internal/artifacts/writer_test.go	211	THIRD_PARTY	THIRD_PARTY_UNVERIFIED	0f46003be891	外部快照/文献(组件记录=sources/MANIFEST.yaml;wm 快照未钉 commit、上游无 LICENSE → 不可 LOCKED);禁入构建
sources/world-model-源码/orchestration/sim/internal/audits/hover/cdr_test.go	88	THIRD_PARTY	THIRD_PARTY_UNVERIFIED	0f46003be891	外部快照/文献(组件记录=sources/MANIFEST.yaml;wm 快照未钉 commit、上游无 LICENSE → 不可 LOCKED);禁入构建
sources/world-model-源码/orchestration/sim/internal/audits/hover/contract.go	754	THIRD_PARTY	THIRD_PARTY_UNVERIFIED	0f46003be891	外部快照/文献(组件记录=sources/MANIFEST.yaml;wm 快照未钉 commit、上游无 LICENSE → 不可 LOCKED);禁入构建
sources/world-model-源码/orchestration/sim/internal/audits/hover/contract_test.go	203	THIRD_PARTY	THIRD_PARTY_UNVERIFIED	0f46003be891	外部快照/文献(组件记录=sources/MANIFEST.yaml;wm 快照未钉 commit、上游无 LICENSE → 不可 LOCKED);禁入构建
sources/world-model-源码/orchestration/sim/internal/audits/hover/health.go	525	THIRD_PARTY	THIRD_PARTY_UNVERIFIED	0f46003be891	外部快照/文献(组件记录=sources/MANIFEST.yaml;wm 快照未钉 commit、上游无 LICENSE → 不可 LOCKED);禁入构建
sources/world-model-源码/orchestration/sim/internal/audits/hover/health_test.go	243	THIRD_PARTY	THIRD_PARTY_UNVERIFIED	0f46003be891	外部快照/文献(组件记录=sources/MANIFEST.yaml;wm 快照未钉 commit、上游无 LICENSE → 不可 LOCKED);禁入构建
sources/world-model-源码/orchestration/sim/internal/audits/hover/initialization.go	775	THIRD_PARTY	THIRD_PARTY_UNVERIFIED	0f46003be891	外部快照/文献(组件记录=sources/MANIFEST.yaml;wm 快照未钉 commit、上游无 LICENSE → 不可 LOCKED);禁入构建
sources/world-model-源码/orchestration/sim/internal/audits/hover/initialization_test.go	288	THIRD_PARTY	THIRD_PARTY_UNVERIFIED	0f46003be891	外部快照/文献(组件记录=sources/MANIFEST.yaml;wm 快照未钉 commit、上游无 LICENSE → 不可 LOCKED);禁入构建
sources/world-model-源码/orchestration/sim/internal/audits/hover/metrics.go	163	THIRD_PARTY	THIRD_PARTY_UNVERIFIED	0f46003be891	外部快照/文献(组件记录=sources/MANIFEST.yaml;wm 快照未钉 commit、上游无 LICENSE → 不可 LOCKED);禁入构建
sources/world-model-源码/orchestration/sim/internal/audits/hover/raw_source.go	272	THIRD_PARTY	THIRD_PARTY_UNVERIFIED	0f46003be891	外部快照/文献(组件记录=sources/MANIFEST.yaml;wm 快照未钉 commit、上游无 LICENSE → 不可 LOCKED);禁入构建
sources/world-model-源码/orchestration/sim/internal/audits/hover/raw_source_test.go	119	THIRD_PARTY	THIRD_PARTY_UNVERIFIED	0f46003be891	外部快照/文献(组件记录=sources/MANIFEST.yaml;wm 快照未钉 commit、上游无 LICENSE → 不可 LOCKED);禁入构建
sources/world-model-源码/orchestration/sim/internal/audits/hover/trajectory.go	577	THIRD_PARTY	THIRD_PARTY_UNVERIFIED	0f46003be891	外部快照/文献(组件记录=sources/MANIFEST.yaml;wm 快照未钉 commit、上游无 LICENSE → 不可 LOCKED);禁入构建
sources/world-model-源码/orchestration/sim/internal/audits/hover/trajectory_test.go	49	THIRD_PARTY	THIRD_PARTY_UNVERIFIED	0f46003be891	外部快照/文献(组件记录=sources/MANIFEST.yaml;wm 快照未钉 commit、上游无 LICENSE → 不可 LOCKED);禁入构建
sources/world-model-源码/orchestration/sim/internal/audits/hover/util.go	419	THIRD_PARTY	THIRD_PARTY_UNVERIFIED	0f46003be891	外部快照/文献(组件记录=sources/MANIFEST.yaml;wm 快照未钉 commit、上游无 LICENSE → 不可 LOCKED);禁入构建
sources/world-model-源码/orchestration/sim/internal/config/defaults.go	627	THIRD_PARTY	THIRD_PARTY_UNVERIFIED	0f46003be891	外部快照/文献(组件记录=sources/MANIFEST.yaml;wm 快照未钉 commit、上游无 LICENSE → 不可 LOCKED);禁入构建
sources/world-model-源码/orchestration/sim/internal/config/loader.go	267	THIRD_PARTY	THIRD_PARTY_UNVERIFIED	0f46003be891	外部快照/文献(组件记录=sources/MANIFEST.yaml;wm 快照未钉 commit、上游无 LICENSE → 不可 LOCKED);禁入构建
sources/world-model-源码/orchestration/sim/internal/config/loader_test.go	202	THIRD_PARTY	THIRD_PARTY_UNVERIFIED	0f46003be891	外部快照/文献(组件记录=sources/MANIFEST.yaml;wm 快照未钉 commit、上游无 LICENSE → 不可 LOCKED);禁入构建
sources/world-model-源码/orchestration/sim/internal/config/task_runtime.go	197	THIRD_PARTY	THIRD_PARTY_UNVERIFIED	0f46003be891	外部快照/文献(组件记录=sources/MANIFEST.yaml;wm 快照未钉 commit、上游无 LICENSE → 不可 LOCKED);禁入构建
sources/world-model-源码/orchestration/sim/internal/config/task_runtime_test.go	165	THIRD_PARTY	THIRD_PARTY_UNVERIFIED	0f46003be891	外部快照/文献(组件记录=sources/MANIFEST.yaml;wm 快照未钉 commit、上游无 LICENSE → 不可 LOCKED);禁入构建
sources/world-model-源码/orchestration/sim/internal/config/types.go	721	THIRD_PARTY	THIRD_PARTY_UNVERIFIED	0f46003be891	外部快照/文献(组件记录=sources/MANIFEST.yaml;wm 快照未钉 commit、上游无 LICENSE → 不可 LOCKED);禁入构建
sources/world-model-源码/orchestration/sim/internal/foxglove/replay.go	1421	THIRD_PARTY	THIRD_PARTY_UNVERIFIED	0f46003be891	外部快照/文献(组件记录=sources/MANIFEST.yaml;wm 快照未钉 commit、上游无 LICENSE → 不可 LOCKED);禁入构建
sources/world-model-源码/orchestration/sim/internal/foxglove/replay_aligned_scan.go	637	THIRD_PARTY	THIRD_PARTY_UNVERIFIED	0f46003be891	外部快照/文献(组件记录=sources/MANIFEST.yaml;wm 快照未钉 commit、上游无 LICENSE → 不可 LOCKED);禁入构建
sources/world-model-源码/orchestration/sim/internal/foxglove/replay_display_tf.go	629	THIRD_PARTY	THIRD_PARTY_UNVERIFIED	0f46003be891	外部快照/文献(组件记录=sources/MANIFEST.yaml;wm 快照未钉 commit、上游无 LICENSE → 不可 LOCKED);禁入构建
sources/world-model-源码/orchestration/sim/internal/foxglove/replay_test.go	1314	THIRD_PARTY	THIRD_PARTY_UNVERIFIED	0f46003be891	外部快照/文献(组件记录=sources/MANIFEST.yaml;wm 快照未钉 commit、上游无 LICENSE → 不可 LOCKED);禁入构建
sources/world-model-源码/orchestration/sim/internal/foxglove/upload.go	1086	THIRD_PARTY	THIRD_PARTY_UNVERIFIED	0f46003be891	外部快照/文献(组件记录=sources/MANIFEST.yaml;wm 快照未钉 commit、上游无 LICENSE → 不可 LOCKED);禁入构建
sources/world-model-源码/orchestration/sim/internal/foxglove/upload_test.go	446	THIRD_PARTY	THIRD_PARTY_UNVERIFIED	0f46003be891	外部快照/文献(组件记录=sources/MANIFEST.yaml;wm 快照未钉 commit、上游无 LICENSE → 不可 LOCKED);禁入构建
sources/world-model-源码/orchestration/sim/internal/fsm/recorder.go	152	THIRD_PARTY	THIRD_PARTY_UNVERIFIED	0f46003be891	外部快照/文献(组件记录=sources/MANIFEST.yaml;wm 快照未钉 commit、上游无 LICENSE → 不可 LOCKED);禁入构建
sources/world-model-源码/orchestration/sim/internal/fsm/recorder_test.go	47	THIRD_PARTY	THIRD_PARTY_UNVERIFIED	0f46003be891	外部快照/文献(组件记录=sources/MANIFEST.yaml;wm 快照未钉 commit、上游无 LICENSE → 不可 LOCKED);禁入构建
sources/world-model-源码/orchestration/sim/internal/fsm/schema.go	89	THIRD_PARTY	THIRD_PARTY_UNVERIFIED	0f46003be891	外部快照/文献(组件记录=sources/MANIFEST.yaml;wm 快照未钉 commit、上游无 LICENSE → 不可 LOCKED);禁入构建
sources/world-model-源码/orchestration/sim/internal/images/build.go	498	THIRD_PARTY	THIRD_PARTY_UNVERIFIED	0f46003be891	外部快照/文献(组件记录=sources/MANIFEST.yaml;wm 快照未钉 commit、上游无 LICENSE → 不可 LOCKED);禁入构建
sources/world-model-源码/orchestration/sim/internal/images/build_test.go	365	THIRD_PARTY	THIRD_PARTY_UNVERIFIED	0f46003be891	外部快照/文献(组件记录=sources/MANIFEST.yaml;wm 快照未钉 commit、上游无 LICENSE → 不可 LOCKED);禁入构建
sources/world-model-源码/orchestration/sim/internal/runtime/docker_backend.go	668	THIRD_PARTY	THIRD_PARTY_UNVERIFIED	0f46003be891	外部快照/文献(组件记录=sources/MANIFEST.yaml;wm 快照未钉 commit、上游无 LICENSE → 不可 LOCKED);禁入构建
sources/world-model-源码/orchestration/sim/internal/runtime/docker_backend_test.go	353	THIRD_PARTY	THIRD_PARTY_UNVERIFIED	0f46003be891	外部快照/文献(组件记录=sources/MANIFEST.yaml;wm 快照未钉 commit、上游无 LICENSE → 不可 LOCKED);禁入构建
sources/world-model-源码/orchestration/sim/internal/runtime/docker_resource_probe.go	174	THIRD_PARTY	THIRD_PARTY_UNVERIFIED	0f46003be891	外部快照/文献(组件记录=sources/MANIFEST.yaml;wm 快照未钉 commit、上游无 LICENSE → 不可 LOCKED);禁入构建
sources/world-model-源码/orchestration/sim/internal/runtime/specs.go	232	THIRD_PARTY	THIRD_PARTY_UNVERIFIED	0f46003be891	外部快照/文献(组件记录=sources/MANIFEST.yaml;wm 快照未钉 commit、上游无 LICENSE → 不可 LOCKED);禁入构建
sources/world-model-源码/orchestration/sim/internal/tasks/doctor_summary.go	70	THIRD_PARTY	THIRD_PARTY_UNVERIFIED	0f46003be891	外部快照/文献(组件记录=sources/MANIFEST.yaml;wm 快照未钉 commit、上游无 LICENSE → 不可 LOCKED);禁入构建
sources/world-model-源码/orchestration/sim/internal/tasks/doctor_summary_test.go	43	THIRD_PARTY	THIRD_PARTY_UNVERIFIED	0f46003be891	外部快照/文献(组件记录=sources/MANIFEST.yaml;wm 快照未钉 commit、上游无 LICENSE → 不可 LOCKED);禁入构建
sources/world-model-源码/orchestration/sim/internal/tasks/gate_evaluation.go	3647	THIRD_PARTY	THIRD_PARTY_UNVERIFIED	0f46003be891	外部快照/文献(组件记录=sources/MANIFEST.yaml;wm 快照未钉 commit、上游无 LICENSE → 不可 LOCKED);禁入构建
sources/world-model-源码/orchestration/sim/internal/tasks/gate_evaluation_test.go	2495	THIRD_PARTY	THIRD_PARTY_UNVERIFIED	0f46003be891	外部快照/文献(组件记录=sources/MANIFEST.yaml;wm 快照未钉 commit、上游无 LICENSE → 不可 LOCKED);禁入构建
sources/world-model-源码/orchestration/sim/internal/tasks/helpers/execution_plan.go	692	THIRD_PARTY	THIRD_PARTY_UNVERIFIED	0f46003be891	外部快照/文献(组件记录=sources/MANIFEST.yaml;wm 快照未钉 commit、上游无 LICENSE → 不可 LOCKED);禁入构建
sources/world-model-源码/orchestration/sim/internal/tasks/helpers/execution_plan_test.go	852	THIRD_PARTY	THIRD_PARTY_UNVERIFIED	0f46003be891	外部快照/文献(组件记录=sources/MANIFEST.yaml;wm 快照未钉 commit、上游无 LICENSE → 不可 LOCKED);禁入构建
sources/world-model-源码/orchestration/sim/internal/tasks/helpers/landing.go	220	THIRD_PARTY	THIRD_PARTY_UNVERIFIED	0f46003be891	外部快照/文献(组件记录=sources/MANIFEST.yaml;wm 快照未钉 commit、上游无 LICENSE → 不可 LOCKED);禁入构建
sources/world-model-源码/orchestration/sim/internal/tasks/helpers/landing_test.go	32	THIRD_PARTY	THIRD_PARTY_UNVERIFIED	0f46003be891	外部快照/文献(组件记录=sources/MANIFEST.yaml;wm 快照未钉 commit、上游无 LICENSE → 不可 LOCKED);禁入构建
sources/world-model-源码/orchestration/sim/internal/tasks/helpers/motion.go	35	THIRD_PARTY	THIRD_PARTY_UNVERIFIED	0f46003be891	外部快照/文献(组件记录=sources/MANIFEST.yaml;wm 快照未钉 commit、上游无 LICENSE → 不可 LOCKED);禁入构建
sources/world-model-源码/orchestration/sim/internal/tasks/helpers/motion_test.go	23	THIRD_PARTY	THIRD_PARTY_UNVERIFIED	0f46003be891	外部快照/文献(组件记录=sources/MANIFEST.yaml;wm 快照未钉 commit、上游无 LICENSE → 不可 LOCKED);禁入构建
sources/world-model-源码/orchestration/sim/internal/tasks/helpers/navlab_models.go	106	THIRD_PARTY	THIRD_PARTY_UNVERIFIED	0f46003be891	外部快照/文献(组件记录=sources/MANIFEST.yaml;wm 快照未钉 commit、上游无 LICENSE → 不可 LOCKED);禁入构建
sources/world-model-源码/orchestration/sim/internal/tasks/helpers/navlab_models_test.go	46	THIRD_PARTY	THIRD_PARTY_UNVERIFIED	0f46003be891	外部快照/文献(组件记录=sources/MANIFEST.yaml;wm 快照未钉 commit、上游无 LICENSE → 不可 LOCKED);禁入构建
sources/world-model-源码/orchestration/sim/internal/tasks/helpers/official_maze_overlay.go	187	THIRD_PARTY	THIRD_PARTY_UNVERIFIED	0f46003be891	外部快照/文献(组件记录=sources/MANIFEST.yaml;wm 快照未钉 commit、上游无 LICENSE → 不可 LOCKED);禁入构建
sources/world-model-源码/orchestration/sim/internal/tasks/helpers/registry.go	228	THIRD_PARTY	THIRD_PARTY_UNVERIFIED	0f46003be891	外部快照/文献(组件记录=sources/MANIFEST.yaml;wm 快照未钉 commit、上游无 LICENSE → 不可 LOCKED);禁入构建
sources/world-model-源码/orchestration/sim/internal/tasks/helpers/registry_test.go	23	THIRD_PARTY	THIRD_PARTY_UNVERIFIED	0f46003be891	外部快照/文献(组件记录=sources/MANIFEST.yaml;wm 快照未钉 commit、上游无 LICENSE → 不可 LOCKED);禁入构建
sources/world-model-源码/orchestration/sim/internal/tasks/helpers/rosbag_profiles.go	33	THIRD_PARTY	THIRD_PARTY_UNVERIFIED	0f46003be891	外部快照/文献(组件记录=sources/MANIFEST.yaml;wm 快照未钉 commit、上游无 LICENSE → 不可 LOCKED);禁入构建
sources/world-model-源码/orchestration/sim/internal/tasks/helpers/rosbag_profiles_test.go	19	THIRD_PARTY	THIRD_PARTY_UNVERIFIED	0f46003be891	外部快照/文献(组件记录=sources/MANIFEST.yaml;wm 快照未钉 commit、上游无 LICENSE → 不可 LOCKED);禁入构建
sources/world-model-源码/orchestration/sim/internal/tasks/helpers/rosbag_topic_sets.go	157	THIRD_PARTY	THIRD_PARTY_UNVERIFIED	0f46003be891	外部快照/文献(组件记录=sources/MANIFEST.yaml;wm 快照未钉 commit、上游无 LICENSE → 不可 LOCKED);禁入构建
sources/world-model-源码/orchestration/sim/internal/tasks/helpers/runtime_specs.go	1562	THIRD_PARTY	THIRD_PARTY_UNVERIFIED	0f46003be891	外部快照/文献(组件记录=sources/MANIFEST.yaml;wm 快照未钉 commit、上游无 LICENSE → 不可 LOCKED);禁入构建
sources/world-model-源码/orchestration/sim/internal/tasks/helpers/runtime_templates_test.go	198	THIRD_PARTY	THIRD_PARTY_UNVERIFIED	0f46003be891	外部快照/文献(组件记录=sources/MANIFEST.yaml;wm 快照未钉 commit、上游无 LICENSE → 不可 LOCKED);禁入构建
sources/world-model-源码/orchestration/sim/internal/tasks/helpers/slam.go	177	THIRD_PARTY	THIRD_PARTY_UNVERIFIED	0f46003be891	外部快照/文献(组件记录=sources/MANIFEST.yaml;wm 快照未钉 commit、上游无 LICENSE → 不可 LOCKED);禁入构建
sources/world-model-源码/orchestration/sim/internal/tasks/helpers/slam_test.go	118	THIRD_PARTY	THIRD_PARTY_UNVERIFIED	0f46003be891	外部快照/文献(组件记录=sources/MANIFEST.yaml;wm 快照未钉 commit、上游无 LICENSE → 不可 LOCKED);禁入构建
sources/world-model-源码/orchestration/sim/internal/tasks/helpers/templates.go	51	THIRD_PARTY	THIRD_PARTY_UNVERIFIED	0f46003be891	外部快照/文献(组件记录=sources/MANIFEST.yaml;wm 快照未钉 commit、上游无 LICENSE → 不可 LOCKED);禁入构建
sources/world-model-源码/orchestration/sim/internal/tasks/helpers/templates/parm/official_external_nav.parm.tmpl	40	THIRD_PARTY	THIRD_PARTY_UNVERIFIED	0f46003be891	外部快照/文献(组件记录=sources/MANIFEST.yaml;wm 快照未钉 commit、上游无 LICENSE → 不可 LOCKED);禁入构建
sources/world-model-源码/orchestration/sim/internal/tasks/helpers/templates/parm/official_gazebo_iris.parm.tmpl	1	THIRD_PARTY	THIRD_PARTY_UNVERIFIED	0f46003be891	外部快照/文献(组件记录=sources/MANIFEST.yaml;wm 快照未钉 commit、上游无 LICENSE → 不可 LOCKED);禁入构建
sources/world-model-源码/orchestration/sim/internal/tasks/helpers/templates/python/costmap_health_probe.py.tmpl	104	THIRD_PARTY	THIRD_PARTY_UNVERIFIED	0f46003be891	外部快照/文献(组件记录=sources/MANIFEST.yaml;wm 快照未钉 commit、上游无 LICENSE → 不可 LOCKED);禁入构建
sources/world-model-源码/orchestration/sim/internal/tasks/helpers/templates/python/exploration_workflow_runtime.py.tmpl	242	THIRD_PARTY	THIRD_PARTY_UNVERIFIED	0f46003be891	外部快照/文献(组件记录=sources/MANIFEST.yaml;wm 快照未钉 commit、上游无 LICENSE → 不可 LOCKED);禁入构建
sources/world-model-源码/orchestration/sim/internal/tasks/helpers/templates/python/external_nav_source_selector_runtime.py.tmpl	28	THIRD_PARTY	THIRD_PARTY_UNVERIFIED	0f46003be891	外部快照/文献(组件记录=sources/MANIFEST.yaml;wm 快照未钉 commit、上游无 LICENSE → 不可 LOCKED);禁入构建
sources/world-model-源码/orchestration/sim/internal/tasks/helpers/templates/python/fcu_controller_runtime.py.tmpl	868	THIRD_PARTY	THIRD_PARTY_UNVERIFIED	0f46003be891	外部快照/文献(组件记录=sources/MANIFEST.yaml;wm 快照未钉 commit、上游无 LICENSE → 不可 LOCKED);禁入构建
sources/world-model-源码/orchestration/sim/internal/tasks/helpers/templates/python/hover_mission_runtime.py.tmpl	79	THIRD_PARTY	THIRD_PARTY_UNVERIFIED	0f46003be891	外部快照/文献(组件记录=sources/MANIFEST.yaml;wm 快照未钉 commit、上游无 LICENSE → 不可 LOCKED);禁入构建
sources/world-model-源码/orchestration/sim/internal/tasks/helpers/templates/python/nav2_lifecycle_probe.py.tmpl	98	THIRD_PARTY	THIRD_PARTY_UNVERIFIED	0f46003be891	外部快照/文献(组件记录=sources/MANIFEST.yaml;wm 快照未钉 commit、上游无 LICENSE → 不可 LOCKED);禁入构建
sources/world-model-源码/orchestration/sim/internal/tasks/helpers/templates/python/navigation_adapter_runtime.py.tmpl	329	THIRD_PARTY	THIRD_PARTY_UNVERIFIED	0f46003be891	外部快照/文献(组件记录=sources/MANIFEST.yaml;wm 快照未钉 commit、上游无 LICENSE → 不可 LOCKED);禁入构建
sources/world-model-源码/orchestration/sim/internal/tasks/helpers/templates/python/navigation_mission_runtime.py.tmpl	401	THIRD_PARTY	THIRD_PARTY_UNVERIFIED	0f46003be891	外部快照/文献(组件记录=sources/MANIFEST.yaml;wm 快照未钉 commit、上游无 LICENSE → 不可 LOCKED);禁入构建
sources/world-model-源码/orchestration/sim/internal/tasks/helpers/templates/python/navigation_status_probe.py.tmpl	115	THIRD_PARTY	THIRD_PARTY_UNVERIFIED	0f46003be891	外部快照/文献(组件记录=sources/MANIFEST.yaml;wm 快照未钉 commit、上游无 LICENSE → 不可 LOCKED);禁入构建
sources/world-model-源码/orchestration/sim/internal/tasks/helpers/templates/python/official_maze_overlay_runtime.py.tmpl	95	THIRD_PARTY	THIRD_PARTY_UNVERIFIED	0f46003be891	外部快照/文献(组件记录=sources/MANIFEST.yaml;wm 快照未钉 commit、上游无 LICENSE → 不可 LOCKED);禁入构建
sources/world-model-源码/orchestration/sim/internal/tasks/helpers/templates/python/ros_probe.py.tmpl	337	THIRD_PARTY	THIRD_PARTY_UNVERIFIED	0f46003be891	外部快照/文献(组件记录=sources/MANIFEST.yaml;wm 快照未钉 commit、上游无 LICENSE → 不可 LOCKED);禁入构建
sources/world-model-源码/orchestration/sim/internal/tasks/helpers/templates/python/scan_reference_correction_runtime.py.tmpl	40	THIRD_PARTY	THIRD_PARTY_UNVERIFIED	0f46003be891	外部快照/文献(组件记录=sources/MANIFEST.yaml;wm 快照未钉 commit、上游无 LICENSE → 不可 LOCKED);禁入构建
sources/world-model-源码/orchestration/sim/internal/tasks/helpers/templates/python/scan_reference_drift_runtime.py.tmpl	50	THIRD_PARTY	THIRD_PARTY_UNVERIFIED	0f46003be891	外部快照/文献(组件记录=sources/MANIFEST.yaml;wm 快照未钉 commit、上游无 LICENSE → 不可 LOCKED);禁入构建
sources/world-model-源码/orchestration/sim/internal/tasks/helpers/templates/python/slam_only_probe.py.tmpl	203	THIRD_PARTY	THIRD_PARTY_UNVERIFIED	0f46003be891	外部快照/文献(组件记录=sources/MANIFEST.yaml;wm 快照未钉 commit、上游无 LICENSE → 不可 LOCKED);禁入构建
sources/world-model-源码/orchestration/sim/internal/tasks/helpers/templates/sdf/fixtures/official_iris_with_lidar.sdf.tmpl	10	THIRD_PARTY	THIRD_PARTY_UNVERIFIED	0f46003be891	外部快照/文献(组件记录=sources/MANIFEST.yaml;wm 快照未钉 commit、上游无 LICENSE → 不可 LOCKED);禁入构建
sources/world-model-源码/orchestration/sim/internal/tasks/helpers/templates/sdf/fixtures/official_maze.sdf.tmpl	27	THIRD_PARTY	THIRD_PARTY_UNVERIFIED	0f46003be891	外部快照/文献(组件记录=sources/MANIFEST.yaml;wm 快照未钉 commit、上游无 LICENSE → 不可 LOCKED);禁入构建
sources/world-model-源码/orchestration/sim/internal/tasks/helpers/templates/sdf/rangefinder_down_overlay.sdf.tmpl	71	THIRD_PARTY	THIRD_PARTY_UNVERIFIED	0f46003be891	外部快照/文献(组件记录=sources/MANIFEST.yaml;wm 快照未钉 commit、上游无 LICENSE → 不可 LOCKED);禁入构建
sources/world-model-源码/orchestration/sim/internal/tasks/helpers/templates/yaml/bridge_override.yaml.tmpl	46	THIRD_PARTY	THIRD_PARTY_UNVERIFIED	0f46003be891	外部快照/文献(组件记录=sources/MANIFEST.yaml;wm 快照未钉 commit、上游无 LICENSE → 不可 LOCKED);禁入构建
sources/world-model-源码/orchestration/sim/internal/tasks/helpers/templates/yaml/external_nav_bridge_params.yaml.tmpl	40	THIRD_PARTY	THIRD_PARTY_UNVERIFIED	0f46003be891	外部快照/文献(组件记录=sources/MANIFEST.yaml;wm 快照未钉 commit、上游无 LICENSE → 不可 LOCKED);禁入构建
sources/world-model-源码/orchestration/sim/internal/tasks/helpers/templates/yaml/nav2_params.yaml.tmpl	341	THIRD_PARTY	THIRD_PARTY_UNVERIFIED	0f46003be891	外部快照/文献(组件记录=sources/MANIFEST.yaml;wm 快照未钉 commit、上游无 LICENSE → 不可 LOCKED);禁入构建
sources/world-model-源码/orchestration/sim/internal/tasks/helpers/templates/yaml/vendor_profile.yaml.tmpl	23	THIRD_PARTY	THIRD_PARTY_UNVERIFIED	0f46003be891	外部快照/文献(组件记录=sources/MANIFEST.yaml;wm 快照未钉 commit、上游无 LICENSE → 不可 LOCKED);禁入构建
sources/world-model-源码/orchestration/sim/internal/tasks/hover_slo_policy.go	23	THIRD_PARTY	THIRD_PARTY_UNVERIFIED	0f46003be891	外部快照/文献(组件记录=sources/MANIFEST.yaml;wm 快照未钉 commit、上游无 LICENSE → 不可 LOCKED);禁入构建
sources/world-model-源码/orchestration/sim/internal/tasks/hover_slo_policy_test.go	39	THIRD_PARTY	THIRD_PARTY_UNVERIFIED	0f46003be891	外部快照/文献(组件记录=sources/MANIFEST.yaml;wm 快照未钉 commit、上游无 LICENSE → 不可 LOCKED);禁入构建
sources/world-model-源码/orchestration/sim/internal/tasks/live_summary.go	396	THIRD_PARTY	THIRD_PARTY_UNVERIFIED	0f46003be891	外部快照/文献(组件记录=sources/MANIFEST.yaml;wm 快照未钉 commit、上游无 LICENSE → 不可 LOCKED);禁入构建
sources/world-model-源码/orchestration/sim/internal/tasks/live_summary_hover_health_test.go	73	THIRD_PARTY	THIRD_PARTY_UNVERIFIED	0f46003be891	外部快照/文献(组件记录=sources/MANIFEST.yaml;wm 快照未钉 commit、上游无 LICENSE → 不可 LOCKED);禁入构建
sources/world-model-源码/orchestration/sim/internal/tasks/live_summary_test.go	97	THIRD_PARTY	THIRD_PARTY_UNVERIFIED	0f46003be891	外部快照/文献(组件记录=sources/MANIFEST.yaml;wm 快照未钉 commit、上游无 LICENSE → 不可 LOCKED);禁入构建
sources/world-model-源码/orchestration/sim/internal/tasks/registry.go	195	THIRD_PARTY	THIRD_PARTY_UNVERIFIED	0f46003be891	外部快照/文献(组件记录=sources/MANIFEST.yaml;wm 快照未钉 commit、上游无 LICENSE → 不可 LOCKED);禁入构建
sources/world-model-源码/orchestration/sim/internal/tasks/registry_test.go	176	THIRD_PARTY	THIRD_PARTY_UNVERIFIED	0f46003be891	外部快照/文献(组件记录=sources/MANIFEST.yaml;wm 快照未钉 commit、上游无 LICENSE → 不可 LOCKED);禁入构建
sources/world-model-源码/orchestration/sim/internal/tasks/runtime_artifacts.go	979	THIRD_PARTY	THIRD_PARTY_UNVERIFIED	0f46003be891	外部快照/文献(组件记录=sources/MANIFEST.yaml;wm 快照未钉 commit、上游无 LICENSE → 不可 LOCKED);禁入构建
sources/world-model-源码/orchestration/sim/internal/tasks/runtime_artifacts_test.go	1003	THIRD_PARTY	THIRD_PARTY_UNVERIFIED	0f46003be891	外部快照/文献(组件记录=sources/MANIFEST.yaml;wm 快照未钉 commit、上游无 LICENSE → 不可 LOCKED);禁入构建
sources/world-model-源码/orchestration/sim/internal/tasks/runtime_fsm.go	609	THIRD_PARTY	THIRD_PARTY_UNVERIFIED	0f46003be891	外部快照/文献(组件记录=sources/MANIFEST.yaml;wm 快照未钉 commit、上游无 LICENSE → 不可 LOCKED);禁入构建
sources/world-model-源码/orchestration/sim/internal/tasks/runtime_fsm_test.go	188	THIRD_PARTY	THIRD_PARTY_UNVERIFIED	0f46003be891	外部快照/文献(组件记录=sources/MANIFEST.yaml;wm 快照未钉 commit、上游无 LICENSE → 不可 LOCKED);禁入构建
sources/world-model-源码/orchestration/sim/internal/tasks/runtime_plan_contract.go	156	THIRD_PARTY	THIRD_PARTY_UNVERIFIED	0f46003be891	外部快照/文献(组件记录=sources/MANIFEST.yaml;wm 快照未钉 commit、上游无 LICENSE → 不可 LOCKED);禁入构建
sources/world-model-源码/orchestration/sim/internal/tasks/runtime_runner.go	745	THIRD_PARTY	THIRD_PARTY_UNVERIFIED	0f46003be891	外部快照/文献(组件记录=sources/MANIFEST.yaml;wm 快照未钉 commit、上游无 LICENSE → 不可 LOCKED);禁入构建
sources/world-model-源码/orchestration/sim/internal/tasks/runtime_runner_test.go	619	THIRD_PARTY	THIRD_PARTY_UNVERIFIED	0f46003be891	外部快照/文献(组件记录=sources/MANIFEST.yaml;wm 快照未钉 commit、上游无 LICENSE → 不可 LOCKED);禁入构建
sources/world-model-源码/orchestration/sim/internal/tasks/runtime_specs.go	744	THIRD_PARTY	THIRD_PARTY_UNVERIFIED	0f46003be891	外部快照/文献(组件记录=sources/MANIFEST.yaml;wm 快照未钉 commit、上游无 LICENSE → 不可 LOCKED);禁入构建
sources/world-model-源码/orchestration/sim/internal/tasks/runtime_specs_test.go	757	THIRD_PARTY	THIRD_PARTY_UNVERIFIED	0f46003be891	外部快照/文献(组件记录=sources/MANIFEST.yaml;wm 快照未钉 commit、上游无 LICENSE → 不可 LOCKED);禁入构建
sources/world-model-源码/orchestration/sim/internal/tasks/simulation_profiles.go	136	THIRD_PARTY	THIRD_PARTY_UNVERIFIED	0f46003be891	外部快照/文献(组件记录=sources/MANIFEST.yaml;wm 快照未钉 commit、上游无 LICENSE → 不可 LOCKED);禁入构建
sources/world-model-源码/orchestration/sim/internal/tasks/simulation_profiles_test.go	179	THIRD_PARTY	THIRD_PARTY_UNVERIFIED	0f46003be891	外部快照/文献(组件记录=sources/MANIFEST.yaml;wm 快照未钉 commit、上游无 LICENSE → 不可 LOCKED);禁入构建
sources/world-model-源码/orchestration/sim/internal/tasks/stage1_matrix.go	171	THIRD_PARTY	THIRD_PARTY_UNVERIFIED	0f46003be891	外部快照/文献(组件记录=sources/MANIFEST.yaml;wm 快照未钉 commit、上游无 LICENSE → 不可 LOCKED);禁入构建
sources/world-model-源码/orchestration/sim/internal/tasks/stage1_matrix_test.go	107	THIRD_PARTY	THIRD_PARTY_UNVERIFIED	0f46003be891	外部快照/文献(组件记录=sources/MANIFEST.yaml;wm 快照未钉 commit、上游无 LICENSE → 不可 LOCKED);禁入构建
sources/world-model-源码/orchestration/sim/internal/tasks/startup_readiness_policy.go	114	THIRD_PARTY	THIRD_PARTY_UNVERIFIED	0f46003be891	外部快照/文献(组件记录=sources/MANIFEST.yaml;wm 快照未钉 commit、上游无 LICENSE → 不可 LOCKED);禁入构建
sources/world-model-源码/orchestration/sim/internal/tasks/startup_readiness_policy_test.go	78	THIRD_PARTY	THIRD_PARTY_UNVERIFIED	0f46003be891	外部快照/文献(组件记录=sources/MANIFEST.yaml;wm 快照未钉 commit、上游无 LICENSE → 不可 LOCKED);禁入构建
sources/world-model-源码/orchestration/sim/internal/tasks/types.go	72	THIRD_PARTY	THIRD_PARTY_UNVERIFIED	0f46003be891	外部快照/文献(组件记录=sources/MANIFEST.yaml;wm 快照未钉 commit、上游无 LICENSE → 不可 LOCKED);禁入构建
sources/world-model-源码/orchestration/sim/internal/tasks/workflow_summaries.go	1856	THIRD_PARTY	THIRD_PARTY_UNVERIFIED	0f46003be891	外部快照/文献(组件记录=sources/MANIFEST.yaml;wm 快照未钉 commit、上游无 LICENSE → 不可 LOCKED);禁入构建
sources/world-model-源码/orchestration/sim/internal/tasks/workflow_summaries_test.go	395	THIRD_PARTY	THIRD_PARTY_UNVERIFIED	0f46003be891	外部快照/文献(组件记录=sources/MANIFEST.yaml;wm 快照未钉 commit、上游无 LICENSE → 不可 LOCKED);禁入构建
sources/world-model-源码/orchestration/sim/internal/tui/events.go	14	THIRD_PARTY	THIRD_PARTY_UNVERIFIED	0f46003be891	外部快照/文献(组件记录=sources/MANIFEST.yaml;wm 快照未钉 commit、上游无 LICENSE → 不可 LOCKED);禁入构建
sources/world-model-源码/orchestration/sim/internal/tui/model.go	435	THIRD_PARTY	THIRD_PARTY_UNVERIFIED	0f46003be891	外部快照/文献(组件记录=sources/MANIFEST.yaml;wm 快照未钉 commit、上游无 LICENSE → 不可 LOCKED);禁入构建
sources/world-model-源码/orchestration/sim/internal/tui/replay.go	336	THIRD_PARTY	THIRD_PARTY_UNVERIFIED	0f46003be891	外部快照/文献(组件记录=sources/MANIFEST.yaml;wm 快照未钉 commit、上游无 LICENSE → 不可 LOCKED);禁入构建
sources/world-model-源码/orchestration/sim/internal/tui/replay_test.go	216	THIRD_PARTY	THIRD_PARTY_UNVERIFIED	0f46003be891	外部快照/文献(组件记录=sources/MANIFEST.yaml;wm 快照未钉 commit、上游无 LICENSE → 不可 LOCKED);禁入构建
sources/world-model-源码/orchestration/sim/internal/tui/run.go	77	THIRD_PARTY	THIRD_PARTY_UNVERIFIED	0f46003be891	外部快照/文献(组件记录=sources/MANIFEST.yaml;wm 快照未钉 commit、上游无 LICENSE → 不可 LOCKED);禁入构建
sources/world-model-源码/orchestration/sim/internal/ui/styles.go	63	THIRD_PARTY	THIRD_PARTY_UNVERIFIED	0f46003be891	外部快照/文献(组件记录=sources/MANIFEST.yaml;wm 快照未钉 commit、上游无 LICENSE → 不可 LOCKED);禁入构建
sources/world-model-源码/pyproject.toml	31	THIRD_PARTY	THIRD_PARTY_UNVERIFIED	0f46003be891	外部快照/文献(组件记录=sources/MANIFEST.yaml;wm 快照未钉 commit、上游无 LICENSE → 不可 LOCKED);禁入构建
sources/world-model-源码/scripts/README.md	13	THIRD_PARTY	THIRD_PARTY_UNVERIFIED	0f46003be891	外部快照/文献(组件记录=sources/MANIFEST.yaml;wm 快照未钉 commit、上游无 LICENSE → 不可 LOCKED);禁入构建
sources/world-model-源码/scripts/command/.python-version	1	THIRD_PARTY	THIRD_PARTY_UNVERIFIED	0f46003be891	外部快照/文献(组件记录=sources/MANIFEST.yaml;wm 快照未钉 commit、上游无 LICENSE → 不可 LOCKED);禁入构建
sources/world-model-源码/scripts/command/README.md	0	THIRD_PARTY	THIRD_PARTY_UNVERIFIED	0f46003be891	外部快照/文献(组件记录=sources/MANIFEST.yaml;wm 快照未钉 commit、上游无 LICENSE → 不可 LOCKED);禁入构建
sources/world-model-源码/scripts/command/main.py	9	THIRD_PARTY	THIRD_PARTY_UNVERIFIED	0f46003be891	外部快照/文献(组件记录=sources/MANIFEST.yaml;wm 快照未钉 commit、上游无 LICENSE → 不可 LOCKED);禁入构建
sources/world-model-源码/scripts/command/pyproject.toml	20	THIRD_PARTY	THIRD_PARTY_UNVERIFIED	0f46003be891	外部快照/文献(组件记录=sources/MANIFEST.yaml;wm 快照未钉 commit、上游无 LICENSE → 不可 LOCKED);禁入构建
sources/world-model-源码/scripts/command/src/__init__.py	1	THIRD_PARTY	THIRD_PARTY_UNVERIFIED	0f46003be891	外部快照/文献(组件记录=sources/MANIFEST.yaml;wm 快照未钉 commit、上游无 LICENSE → 不可 LOCKED);禁入构建
sources/world-model-源码/scripts/command/src/cli.py	218	THIRD_PARTY	THIRD_PARTY_UNVERIFIED	0f46003be891	外部快照/文献(组件记录=sources/MANIFEST.yaml;wm 快照未钉 commit、上游无 LICENSE → 不可 LOCKED);禁入构建
sources/world-model-源码/scripts/command/src/command_logging.py	30	THIRD_PARTY	THIRD_PARTY_UNVERIFIED	0f46003be891	外部快照/文献(组件记录=sources/MANIFEST.yaml;wm 快照未钉 commit、上游无 LICENSE → 不可 LOCKED);禁入构建
sources/world-model-源码/scripts/command/src/mavlink_serial.py	142	THIRD_PARTY	THIRD_PARTY_UNVERIFIED	0f46003be891	外部快照/文献(组件记录=sources/MANIFEST.yaml;wm 快照未钉 commit、上游无 LICENSE → 不可 LOCKED);禁入构建
sources/world-model-源码/scripts/command/src/maze.py	134	THIRD_PARTY	THIRD_PARTY_UNVERIFIED	0f46003be891	外部快照/文献(组件记录=sources/MANIFEST.yaml;wm 快照未钉 commit、上游无 LICENSE → 不可 LOCKED);禁入构建
sources/world-model-源码/scripts/command/src/ros_setup.py	271	THIRD_PARTY	THIRD_PARTY_UNVERIFIED	0f46003be891	外部快照/文献(组件记录=sources/MANIFEST.yaml;wm 快照未钉 commit、上游无 LICENSE → 不可 LOCKED);禁入构建
sources/world-model-源码/scripts/command/tests/conftest.py	8	THIRD_PARTY	THIRD_PARTY_UNVERIFIED	0f46003be891	外部快照/文献(组件记录=sources/MANIFEST.yaml;wm 快照未钉 commit、上游无 LICENSE → 不可 LOCKED);禁入构建
sources/world-model-源码/scripts/command/uv.lock	402	THIRD_PARTY	THIRD_PARTY_UNVERIFIED	0f46003be891	外部快照/文献(组件记录=sources/MANIFEST.yaml;wm 快照未钉 commit、上游无 LICENSE → 不可 LOCKED);禁入构建
sources/world-model-源码/scripts/contracts/README.md	12	THIRD_PARTY	THIRD_PARTY_UNVERIFIED	0f46003be891	外部快照/文献(组件记录=sources/MANIFEST.yaml;wm 快照未钉 commit、上游无 LICENSE → 不可 LOCKED);禁入构建
sources/world-model-源码/scripts/contracts/generate-contracts-go.sh	44	THIRD_PARTY	THIRD_PARTY_UNVERIFIED	0f46003be891	外部快照/文献(组件记录=sources/MANIFEST.yaml;wm 快照未钉 commit、上游无 LICENSE → 不可 LOCKED);禁入构建
sources/world-model-源码/scripts/contracts/generate-contracts-python.sh	51	THIRD_PARTY	THIRD_PARTY_UNVERIFIED	0f46003be891	外部快照/文献(组件记录=sources/MANIFEST.yaml;wm 快照未钉 commit、上游无 LICENSE → 不可 LOCKED);禁入构建
sources/world-model-源码/scripts/diagnostics/hover_source_audit.py	513	THIRD_PARTY	THIRD_PARTY_UNVERIFIED	0f46003be891	外部快照/文献(组件记录=sources/MANIFEST.yaml;wm 快照未钉 commit、上游无 LICENSE → 不可 LOCKED);禁入构建
sources/world-model-源码/scripts/diagnostics/hover_timing_diagnose.py	439	THIRD_PARTY	THIRD_PARTY_UNVERIFIED	0f46003be891	外部快照/文献(组件记录=sources/MANIFEST.yaml;wm 快照未钉 commit、上游无 LICENSE → 不可 LOCKED);禁入构建
sources/world-model-源码/scripts/ops/kill-serial-holders.sh	144	THIRD_PARTY	THIRD_PARTY_UNVERIFIED	0f46003be891	外部快照/文献(组件记录=sources/MANIFEST.yaml;wm 快照未钉 commit、上游无 LICENSE → 不可 LOCKED);禁入构建
sources/world-model-源码/scripts/ops/watch_fcu_rangefinder.py	97	THIRD_PARTY	THIRD_PARTY_UNVERIFIED	0f46003be891	外部快照/文献(组件记录=sources/MANIFEST.yaml;wm 快照未钉 commit、上游无 LICENSE → 不可 LOCKED);禁入构建
sources/world-model-源码/scripts/quality/check-contracts.sh	115	THIRD_PARTY	THIRD_PARTY_UNVERIFIED	0f46003be891	外部快照/文献(组件记录=sources/MANIFEST.yaml;wm 快照未钉 commit、上游无 LICENSE → 不可 LOCKED);禁入构建
sources/world-model-源码/scripts/quality/check-go.sh	143	THIRD_PARTY	THIRD_PARTY_UNVERIFIED	0f46003be891	外部快照/文献(组件记录=sources/MANIFEST.yaml;wm 快照未钉 commit、上游无 LICENSE → 不可 LOCKED);禁入构建
sources/world-model-源码/scripts/quality/check-python.sh	141	THIRD_PARTY	THIRD_PARTY_UNVERIFIED	0f46003be891	外部快照/文献(组件记录=sources/MANIFEST.yaml;wm 快照未钉 commit、上游无 LICENSE → 不可 LOCKED);禁入构建
sources/world-model-源码/scripts/quality/check-rust.sh	116	THIRD_PARTY	THIRD_PARTY_UNVERIFIED	0f46003be891	外部快照/文献(组件记录=sources/MANIFEST.yaml;wm 快照未钉 commit、上游无 LICENSE → 不可 LOCKED);禁入构建
sources/world-model-源码/scripts/quality/format-go.sh	184	THIRD_PARTY	THIRD_PARTY_UNVERIFIED	0f46003be891	外部快照/文献(组件记录=sources/MANIFEST.yaml;wm 快照未钉 commit、上游无 LICENSE → 不可 LOCKED);禁入构建
sources/world-model-源码/scripts/quality/format-python.sh	94	THIRD_PARTY	THIRD_PARTY_UNVERIFIED	0f46003be891	外部快照/文献(组件记录=sources/MANIFEST.yaml;wm 快照未钉 commit、上游无 LICENSE → 不可 LOCKED);禁入构建
sources/world-model-源码/scripts/quality/format-rust.sh	85	THIRD_PARTY	THIRD_PARTY_UNVERIFIED	0f46003be891	外部快照/文献(组件记录=sources/MANIFEST.yaml;wm 快照未钉 commit、上游无 LICENSE → 不可 LOCKED);禁入构建
sources/world-model-源码/uv.lock	3	THIRD_PARTY	THIRD_PARTY_UNVERIFIED	0f46003be891	外部快照/文献(组件记录=sources/MANIFEST.yaml;wm 快照未钉 commit、上游无 LICENSE → 不可 LOCKED);禁入构建
双Agent交替协作协议.md	69	ACTIVE_REFERENCE	UNVERIFIED	0f46003be891	-
接力棒_当前值班.md	31	ACTIVE_REFERENCE	UNVERIFIED	0f46003be891	交接锁,只保留单一当前块
文档索引.md	66	ACTIVE_REFERENCE	UNVERIFIED	0f46003be891	入口指针,不承载状态
项目简洁汇报.md	34	ACTIVE_REFERENCE	UNVERIFIED	0f46003be891	-
